,result,Season,team1_id,team2_id,prob1,prob2,log_loss1,log_loss2
0,1,2002,1104,1194,0.2849687206228846,0.7150312793771154,-1.255375856937105,-0.33542898986443714
1,1,2002,1112,1364,0.11690261456772377,0.8830973854322762,-2.146414044905434,-0.12431979518181627
2,1,2002,1231,1428,0.39096962490304055,0.6090303750969595,-0.9391254076844322,-0.495887135509555
3,1,2002,1242,1221,0.16543360685187425,0.8345663931481258,-1.7991853317122124,-0.1808429786518071
4,1,2002,1245,1329,0.34286613791054565,0.6571338620894543,-1.070415176473135,-0.4198675337786906
5,1,2002,1246,1434,0.29438753598678047,0.7056124640132195,-1.222858230025077,-0.3486891100277414
6,1,2002,1281,1274,0.6184580713443022,0.38154192865569775,-0.4805258803217079,-0.9635345295635553
7,1,2002,1326,1172,0.3356196180811589,0.6643803819188411,-1.0917768493599538,-0.40890042919423325
8,1,2002,1332,1285,0.07783455710896103,0.922165442891039,-2.5531697676375638,-0.08103063237852696
9,1,2002,1409,1266,0.6083507647049939,0.39164923529500606,-0.49700364773460265,-0.9373886476921641
10,1,2002,1448,1337,0.23031412947076513,0.7696858705292349,-1.4683111215808384,-0.2617728077245142
11,1,2002,1461,1211,0.6316450739522501,0.36835492604774994,-0.45942763443475104,-0.9987083326625678
12,1,2002,1153,1131,0.1777540253627521,0.8222459746372479,-1.7273545643512582,-0.1957156894710191
13,1,2002,1208,1293,0.2666168335098539,0.7333831664901461,-1.3219427317835521,-0.310086976307884
14,1,2002,1268,1373,0.21030979159693197,0.789690208403068,-1.5591736372197977,-0.23611455169050014
15,1,2002,1338,1148,0.3293953596593666,0.6706046403406334,-1.1104965485892908,-0.3995755252891401
16,1,2002,1400,1130,0.4373912738262362,0.5626087261737638,-0.8269271210385298,-0.5751708726062755
17,1,2002,1417,1279,0.5756658808509822,0.4243341191490178,-0.5522278545578022,-0.8572341172115593
18,1,2002,1458,1385,0.6110992274455388,0.3889007725544612,-0.4924959312850793,-0.9444310513105515
19,1,2002,1245,1104,0.35826244664841767,0.6417375533515823,-1.0264894699648361,-0.4435758542743149
20,1,2002,1332,1448,0.5271333242348679,0.47286667576513214,-0.6403017752736936,-0.7489417996411804
21,1,2002,1163,1301,0.3297636255651265,0.6702363744348735,-1.109379167343397,-0.40012483115159764
22,1,2002,1328,1462,0.43591709459581574,0.5640829054041843,-0.8303032037235049,-0.5725540428893532
23,1,2002,1338,1143,0.30165874933044545,0.6983412506695545,-1.1984588696081753,-0.3590473978839749
24,1,2002,1356,1208,0.7423053621558262,0.25769463784417374,-0.2979945811802591,-1.355979969285068
25,1,2002,1231,1181,0.7089407242627985,0.2910592757372015,-0.3439833606519911,-1.2342283358625847
26,1,2002,1245,1338,0.43942973545793507,0.5605702645420649,-0.8222774484539336,-0.5788006838593336
27,1,2002,1281,1417,0.38437699462733,0.61562300537267,-0.9561314511604645,-0.4851205070648173
28,1,2002,1328,1112,0.7540087085054108,0.24599129149458915,-0.2823513612989546,-1.4024591441048837
29,1,2002,1242,1228,0.33094745485745913,0.6690525451425409,-1.1057956628608598,-0.40189267912427146
30,1,2002,1268,1246,0.441830871239285,0.558169128760715,-0.8168281143864438,-0.5830932643883049
31,1,2002,1332,1400,0.5037982748253267,0.49620172517467326,-0.6855793393939709,-0.7007727309576605
32,1,2002,1231,1245,0.6074475276276717,0.39255247237232826,-0.49848948177334357,-0.9350850631222503
33,1,2002,1268,1163,0.4809448843199364,0.5190551156800636,-0.7320026010552466,-0.6557452055392914
34,1,2002,1231,1328,0.606984649700909,0.3930153502990909,-0.4992517770382723,-0.9339066085904513
35,1,2003,1112,1436,0.0907036863053915,0.9092963136946085,-2.40015727984911,-0.09508426026199722
36,1,2003,1113,1272,0.7100862916101851,0.2899137083898149,-0.34236877885272304,-1.238171957557068
37,1,2003,1228,1443,0.30126097315544176,0.6987390268445582,-1.1997783694284068,-0.35847795861530224
38,1,2003,1323,1454,0.417128790189217,0.582871209810783,-0.8743602554928647,-0.5397890264511903
39,1,2003,1390,1360,0.3369619529231176,0.6630380470768824,-1.0877852543413153,-0.41092290420316013
40,1,2003,1409,1173,0.593811235543761,0.406188764456239,-0.5211937954037977,-0.9009372903458285
41,1,2003,1139,1280,0.541120344700218,0.45887965529978203,-0.6141135762595986,-0.7789672921884716
42,1,2003,1196,1358,0.3117444791699441,0.6882555208300559,-1.1655714037369587,-0.37359511344410873
43,1,2003,1231,1104,0.33678859448499965,0.6632114055150004,-1.0882998615430775,-0.4106614776083872
44,1,2003,1246,1237,0.1575684651516016,0.8424315348483984,-1.8478952157956026,-0.1714628843326384
45,1,2003,1428,1332,0.4465406483530552,0.5534593516469448,-0.8062248450644629,-0.5915669682891105
46,1,2003,1242,1113,0.26961231390227824,0.7303876860977218,-1.3107702262753285,-0.31417980896490544
47,1,2003,1266,1281,0.4726341593979485,0.5273658406020515,-0.7494336371165661,-0.6398607765916551
48,1,2003,1323,1228,0.5665286876027469,0.43347131239725306,-0.5682275597207835,-0.8359296616589208
49,1,2003,1120,1448,0.7892507451065193,0.21074925489348076,-0.23667120747540435,-1.5570862176059204
50,1,2003,1268,1462,0.6112901898285414,0.3887098101714585,-0.4921834901237643,-0.9449222030286059
51,1,2003,1338,1231,0.341132611782493,0.658867388217507,-1.0754839864393202,-0.4172329965693715
52,1,2003,1246,1458,0.23311678378859357,0.7668832162114064,-1.4562157330074141,-0.2654207496882499
53,1,2003,1266,1338,0.5204312146282619,0.4795687853717381,-0.6530975521513549,-0.734867942659686
54,1,2003,1328,1139,0.3669749390152812,0.6330250609847188,-1.00246171932107,-0.45724526680851457
55,1,2003,1393,1120,0.3070496215294922,0.6929503784705078,-1.1807459108096958,-0.3667968862945794
56,1,2003,1266,1246,0.6475942205479788,0.3524057794520212,-0.434490981634819,-1.0429719847934684
57,1,2003,1393,1328,0.39348913985154477,0.6065108601484552,-0.9327018103580256,-0.5000326444954369
58,1,2003,1400,1277,0.4121605673277622,0.5878394326722378,-0.886342279032572,-0.5313014420615887
59,1,2004,1197,1250,0.7094966220280956,0.29050337797190445,-0.3431995434531402,-1.2361400746272972
60,1,2004,1163,1436,0.2591503552039285,0.7408496447960715,-1.3503468636974343,-0.29995758278209234
61,1,2004,1211,1434,0.22514716542929414,0.7748528345707059,-1.4910010220127008,-0.25508215853685384
62,1,2004,1264,1196,0.5034481519743188,0.49655184802568125,-0.6862745473506214,-0.7000673739083866
63,1,2004,1314,1102,0.32934916348465193,0.6706508365153481,-1.1106368037964838,-0.3995066403145322
64,1,2004,1386,1251,0.33453429651940747,0.6654657034805925,-1.0950158739689972,-0.4072681774402432
65,1,2004,1390,1427,0.18680486154410403,0.813195138455896,-1.6776907281293472,-0.20678417553418743
66,1,2004,1400,1343,0.27287475532710337,0.7271252446728966,-1.298742360760701,-0.318656540257685
67,1,2004,1130,1428,0.507001560239937,0.49299843976006297,-0.6792411979993636,-0.7072492697313454
68,1,2004,1228,1293,0.27619253364402907,0.7238074663559709,-1.2866570707980012,-0.32322985240974617
69,1,2004,1272,1376,0.36863680664867693,0.6313631933513231,-0.9979433834720502,-0.45987399826767983
70,1,2004,1301,1418,0.2989115053464657,0.7010884946535343,-1.2076077181397598,-0.35512115932529914
71,1,2004,1334,1344,0.6672526902643987,0.33274730973560135,-0.40458645883691857,-1.1003719066814435
72,1,2004,1338,1416,0.1682922030291718,0.8317077969708282,-1.7820535066709506,-0.1842741054119546
73,1,2004,1435,1444,0.5348055390885653,0.4651944609114347,-0.6258520764995238,-0.7652997653056893
74,1,2004,1458,1350,0.2795448272952453,0.7204551727047547,-1.2745926153642935,-0.3278720824042
75,1,2004,1462,1257,0.44453349490825833,0.5554665050917417,-0.8107298727428415,-0.5879469685849328
76,1,2004,1104,1390,0.6534727560018218,0.34652724399817825,-0.42545443614905626,-1.0597938371856925
77,1,2004,1181,1371,0.2456714111952778,0.7543285888047222,-1.4037603627765283,-0.28192721173416235
78,1,2004,1305,1211,0.7155150978730049,0.284484902126995,-0.3347525790580061,-1.2570750949188334
79,1,2004,1386,1403,0.8168362199917848,0.18316378000821518,-0.20231666934428771,-1.6973745536675255
80,1,2004,1393,1268,0.4185064397413314,0.5814935602586686,-0.8710630014975639,-0.542155381446444
81,1,2004,1228,1153,0.5449534627070747,0.45504653729292527,-0.6070548774930896,-0.7873555854967342
82,1,2004,1338,1458,0.355592443865566,0.644407556134434,-1.0339700245401242,-0.43942390190319525
83,1,2004,1412,1246,0.8158583029768001,0.1841416970232,-0.20351458740938894,-1.6920497252248583
84,1,2004,1104,1393,0.6018394912896388,0.3981605087103612,-0.5077644949890042,-0.9209000667795473
85,1,2004,1329,1338,0.44140861837387757,0.5585913816261224,-0.8177842602620352,-0.582337054114746
86,1,2004,1462,1400,0.4769039739025631,0.5230960260974369,-0.7404401209331348,-0.6479902254659382
87,1,2004,1163,1104,0.3058857835873541,0.6941142164126459,-1.1845435029576863,-0.36511875505316854
88,1,2004,1210,1242,0.4655708883647317,0.5344291116352683,-0.764490909509515,-0.6265561828780326
89,1,2005,1130,1335,0.35254524606243276,0.6474547539375672,-1.0425763073430259,-0.43470636593873085
90,1,2005,1211,1457,0.2717205365495179,0.7282794634504821,-1.3029811800197448,-0.31707042608185315
91,1,2005,1228,1192,0.22365495991908158,0.7763450400809184,-1.497650772201496,-0.25315821834213614
92,1,2005,1334,1338,0.503767221450395,0.496232778549605,-0.6856409798035646,-0.7007101507575054
93,1,2005,1412,1261,0.6357758964273277,0.3642241035726723,-0.4529091418448096,-1.0099859316362043
94,1,2005,1448,1151,0.1589085522437056,0.8410914477562944,-1.8394263853415036,-0.17305488799280283
95,1,2005,1163,1416,0.12440574810767013,0.8755942518923299,-2.0842068930912556,-0.13285247811933337
96,1,2005,1210,1203,0.39863846747277376,0.6013615325272262,-0.9197003694053658,-0.5085589736805811
97,1,2005,1314,1324,0.1594212129183944,0.8405787870816056,-1.8362054416911777,-0.1736645921784984
98,1,2005,1329,1368,0.28141795697996375,0.7185820430200363,-1.267914323331544,-0.33047539345430443
99,1,2005,1356,1388,0.42672205742865277,0.5732779425713472,-0.8516223970643383,-0.5563846143041298
100,1,2005,1437,1307,0.3008262793445712,0.6991737206554288,-1.2012223258802135,-0.3578560402220992
101,1,2005,1112,1412,0.19206995405024208,0.8079300459497579,-1.6498956292998401,-0.21327980100388275
102,1,2005,1246,1153,0.422400828377555,0.577599171622445,-0.8618005854709028,-0.5488751255762162
103,1,2005,1403,1211,0.5128385783760423,0.48716142162395765,-0.6677941453628585,-0.7191597495805289
104,1,2005,1428,1328,0.4684905702499673,0.5315094297500327,-0.7582393050409766,-0.6320343395888768
105,1,2005,1452,1448,0.699936656539127,0.300063343460873,-0.35676543869164906,-1.2037616817443
106,1,2005,1314,1235,0.1937553194325874,0.8062446805674126,-1.641159155989631,-0.21536800863976485
107,1,2005,1458,1137,0.2788055770130463,0.7211944229869537,-1.277240596662243,-0.3268465206460556
108,1,2005,1112,1329,0.5127737268961386,0.48722627310386135,-0.6679206092901275,-0.7190266373083802
109,1,2005,1228,1454,0.09107916040748787,0.9089208395925121,-2.396026256016527,-0.09549727375354297
110,1,2005,1452,1403,0.602438053585053,0.397561946414947,-0.506770434529684,-0.9224045169919451
111,1,2005,1277,1181,0.7839198490033641,0.2160801509966359,-0.2434484972719973,-1.5321058706983361
112,1,2005,1314,1437,0.30944737269261613,0.6905526273073839,-1.1729672410812622,-0.37026309280627573
113,1,2005,1257,1452,0.31457265695098324,0.6854273430490168,-1.156540205831985,-0.37771277677298926
114,1,2005,1228,1257,0.3719986052177201,0.6280013947822799,-0.9888651741307505,-0.4652128915255132
115,1,2006,1284,1214,0.4943617295796152,0.5056382704203848,-0.7044877836430167,-0.6819337459357732
116,1,2006,1104,1266,0.42986984965116926,0.5701301503488307,-0.8442727913397603,-0.5618906102724519
117,1,2006,1196,1375,0.24017499947194287,0.7598250005280571,-1.4263874568849697,-0.27466713467931425
118,1,2006,1401,1393,0.6284819384794675,0.3715180615205325,-0.4644479888676009,-0.9901577981850477
119,1,2006,1454,1328,0.5129118139757044,0.4870881860242956,-0.6676513511697827,-0.7193100921605516
120,1,2006,1455,1371,0.3532459804290753,0.6467540195709247,-1.0405906363100519,-0.43578924290489085
121,1,2006,1112,1458,0.4161773519719688,0.5838226480280312,-0.8766437827166528,-0.5381580271590103
122,1,2006,1163,1107,0.2272942032221389,0.7727057967778611,-1.481510051211098,-0.25785690209343676
123,1,2006,1206,1277,0.5761432507269889,0.4238567492730111,-0.5513989500279599,-0.8583597363243843
124,1,2006,1246,1412,0.36435128204398215,0.6356487179560179,-1.0096368161565648,-0.4531091984903948
125,1,2006,1301,1143,0.4419837108480287,0.5580162891519713,-0.8164822508685409,-0.5833671249982827
126,1,2006,1322,1234,0.6985509320554978,0.3014490679445022,-0.3587471866148288,-1.1991542059589424
127,1,2006,1338,1245,0.3242981072167006,0.6757018927832994,-1.1260921022054762,-0.3920032872094923
128,1,2006,1400,1335,0.285846541694713,0.714153458305287,-1.2523001796671436,-0.33665741213773887
129,1,2006,1437,1284,0.06521591202151544,0.9347840879784846,-2.7300517904149966,-0.06743969830817333
130,1,2006,1130,1285,0.2592388990026271,0.7407611009973729,-1.350005252451286,-0.30007710648162733
131,1,2006,1261,1401,0.37327973575229456,0.6267202642477054,-0.9854271786167512,-0.4672549874287183
132,1,2006,1449,1228,0.6046550783364646,0.3953449216635354,-0.5030971019827408,-0.9279966757139196
133,1,2006,1455,1397,0.5983172734158687,0.4016827265841313,-0.5136341081757806,-0.9120927393277908
134,1,2006,1206,1314,0.80733446330981,0.19266553669019001,-0.21401724389763133,-1.6467995639248776
135,1,2006,1400,1301,0.16866287495302812,0.8313371250469719,-1.7798533791311153,-0.18471988041789342
136,1,2006,1400,1452,0.23254467230471032,0.7674553276952897,-1.4586729334660584,-0.2646750061720364
137,1,2006,1417,1211,0.3638838893968732,0.6361161106031268,-1.0109204474054136,-0.4523741684633707
138,1,2006,1163,1449,0.2639959965343929,0.7360040034656071,-1.3318213405932564,-0.3065197207767408
139,1,2006,1196,1207,0.34680244131137705,0.653197558688623,-1.058999994563685,-0.4258756553566464
140,1,2006,1206,1455,0.37704199254689696,0.622958007453103,-0.9753987116710539,-0.4732761662335097
141,1,2006,1417,1272,0.6023675822445774,0.3976324177554226,-0.5068874182795273,-0.9222272739333036
142,1,2006,1417,1261,0.47865682438589907,0.5213431756141009,-0.7367713801213742,-0.6513467676680167
143,1,2006,1196,1417,0.427233215341564,0.572766784658436,-0.8504252430909192,-0.557276652694363
144,1,2007,1310,1197,0.3660678906342134,0.6339321093657866,-1.0049364692464673,-0.45581341329797104
145,1,2007,1139,1330,0.15666693122427644,0.8433330687757236,-1.853633184281974,-0.17039329963340566
146,1,2007,1207,1125,0.21533724312899105,0.784662756871009,-1.5355499070867014,-0.24250126258966598
147,1,2007,1268,1172,0.38002483496550743,0.6199751650344926,-0.9675186732248738,-0.4780758581412584
148,1,2007,1326,1148,0.16510540174733213,0.8348945982526679,-1.8011712105577702,-0.18044979173643627
149,1,2007,1338,1460,0.4024495596064116,0.5975504403935884,-0.9101855077244898,-0.5149165796707932
150,1,2007,1401,1335,0.1882391513523486,0.8117608486476514,-1.6700420429011325,-0.20854950357028293
151,1,2007,1417,1451,0.09394086364507304,0.906059136354927,-2.365089804843762,-0.09865070315434604
152,1,2007,1450,1331,0.3118973606189227,0.6881026393810773,-1.1650811176711846,-0.3738172670288761
153,1,2007,1196,1238,0.15814535506689475,0.8418546449331052,-1.8442407000892742,-0.17214791036298593
154,1,2007,1242,1310,0.07911451311531181,0.9208854868846882,-2.5368589429688897,-0.08241958608723426
155,1,2007,1272,1317,0.24318534629631017,0.7568146537036898,-1.413931384421283,-0.27863689871563146
156,1,2007,1305,1166,0.16963148411275375,0.8303685158872463,-1.7741269353955604,-0.18588568168325295
157,1,2007,1332,1275,0.1795700954799614,0.8204299045200386,-1.7171896432140352,-0.19792680230240878
158,1,2007,1345,1112,0.5428833437309498,0.4571166562690502,-0.6108608187201405,-0.7828166553036188
159,1,2007,1397,1253,0.27825049287133863,0.7217495071286614,-1.279233517502486,-0.32607714332306476
160,1,2007,1400,1308,0.2795507751636229,0.7204492248363771,-1.2745713386153736,-0.32788033814745093
161,1,2007,1424,1210,0.4209712962312694,0.5790287037687306,-0.8651906275973476,-0.5464032279078235
162,1,2007,1425,1116,0.25096030595326624,0.7490396940467338,-1.3824604959688578,-0.2889633008121046
163,1,2007,1438,1107,0.2945286777042093,0.7054713222957907,-1.2223789030279595,-0.3488891572811631
164,1,2007,1439,1228,0.288777148128907,0.711222851871093,-1.2421000020716393,-0.3407694638713493
165,1,2007,1139,1268,0.6158610726699583,0.3841389273300417,-0.4847338722645813,-0.9567510019026196
166,1,2007,1326,1462,0.2666181466068044,0.7333818533931956,-1.3219378067617533,-0.31008876677456776
167,1,2007,1242,1246,0.21958167941777618,0.7804183205822238,-1.5160309998862993,-0.24792519462172366
168,1,2007,1272,1305,0.2619009112439542,0.7380990887560458,-1.339789048116165,-0.3036771967875106
169,1,2007,1356,1439,0.4322627571427424,0.5677372428572576,-0.8387216415107137,-0.5660965678970749
170,1,2007,1397,1438,0.5281043852742837,0.47189561472571623,-0.6384613154327102,-0.750997473097135
171,1,2007,1425,1400,0.6032081544392072,0.3967918455607929,-0.5054929437471287,-0.9243434542846178
172,1,2007,1242,1356,0.30881956067970506,0.6911804393202949,-1.174998118667644,-0.36935436148721296
173,1,2007,1417,1338,0.5650058526037043,0.43499414739629577,-0.5709191892987189,-0.8324227022453514
174,1,2007,1196,1139,0.3283917626481504,0.6716082373518496,-1.1135479850066692,-0.3980800885891543
175,1,2007,1314,1425,0.10204163954861378,0.8979583604513862,-2.282374318132654,-0.10763158096283285
176,1,2007,1332,1424,0.4964137521509605,0.5035862478490395,-0.700345522266369,-0.6860002848713843
177,1,2007,1417,1242,0.5821140892153929,0.4178859107846071,-0.5410888208822738,-0.8725468244191562
178,1,2007,1196,1332,0.26185166961459827,0.7381483303854017,-1.3399770820516552,-0.3036104848952685
179,1,2007,1207,1314,0.5820229624415185,0.4179770375584815,-0.541245377662132,-0.8723287820369305
180,1,2008,1181,1125,0.2066398469203795,0.7933601530796205,-1.576777870998255,-0.23147799515326695
181,1,2008,1243,1425,0.47364543797311087,0.5263545620268891,-0.7472962583482515,-0.6417802210346483
182,1,2008,1266,1246,0.28650771042807543,0.7134922895719246,-1.249989830700558,-0.3375836486100771
183,1,2008,1323,1206,0.44465088619212456,0.5553491138078754,-0.8104658301279611,-0.5881583291065279
184,1,2008,1338,1331,0.28937728018230247,0.7106227198176975,-1.2400239744930202,-0.34161362318229443
185,1,2008,1401,1140,0.4031876832023721,0.5968123167976279,-0.9083531103047305,-0.5161525922398175
186,1,2008,1417,1290,0.0657351040226195,0.9342648959773805,-2.722122188380733,-0.06799526642748445
187,1,2008,1424,1245,0.5568304725700013,0.44316952742999877,-0.585494443424248,-0.8138029017115905
188,1,2008,1450,1457,0.09403971202643124,0.9059602879735688,-2.3640381175604777,-0.09875980615857338
189,1,2008,1452,1112,0.3599393421578372,0.6400606578421628,-1.0218197557346989,-0.44619232924117946
190,1,2008,1458,1168,0.07076682316055893,0.9292331768394411,-2.6483649875366195,-0.07339557398862723
191,1,2008,1462,1208,0.1712348582304165,0.8287651417695835,-1.7647192248414592,-0.18781846703710495
192,1,2008,1139,1375,0.3108876316968806,0.6891123683031194,-1.1683237449638921,-0.37235093229199095
193,1,2008,1172,1211,0.56094496833902,0.4390550316609801,-0.5781324739235048,-0.8231305169047556
194,1,2008,1207,1420,0.24454841813996664,0.7554515818600334,-1.408341960470087,-0.28043958686766546
195,1,2008,1257,1129,0.26999425844682146,0.7300057415531785,-1.3093545852216382,-0.31470287972928984
196,1,2008,1272,1426,0.1646782666628629,0.8353217333371371,-1.8037616076224496,-0.17993831895808743
197,1,2008,1280,1332,0.3867287078407803,0.6132712921592197,-0.9500318451084087,-0.488947876251864
198,1,2008,1314,1291,0.17454078590462618,0.8254592140953738,-1.7455968345378114,-0.19181542435874963
199,1,2008,1360,1163,0.686956412237746,0.31304358776225405,-0.3754844352969908,-1.161412840111112
200,1,2008,1397,1110,0.22023618908072806,0.7797638109192719,-1.5130547217812913,-0.248764211667403
201,1,2008,1400,1122,0.23238055792192047,0.7676194420780795,-1.4593789153269534,-0.26446118677164415
202,1,2008,1443,1179,0.5785360980963705,0.4214639019036294,-0.5472543348200285,-0.8640211471919829
203,1,2008,1242,1424,0.2662109132391147,0.7337890867608853,-1.3234663774710915,-0.3095336393971064
204,1,2008,1277,1338,0.49013332940188004,0.50986667059812,-0.7130778240700156,-0.673606017642362
205,1,2008,1390,1266,0.44439081919685364,0.5556091808031464,-0.8110508803030262,-0.5876901441147366
206,1,2008,1450,1323,0.3827305612664419,0.6172694387335581,-0.9604240327583675,-0.48244965877227536
207,1,2008,1172,1207,0.6277400050180841,0.3722599949819158,-0.46562920298583865,-0.9881627575920022
208,1,2008,1257,1328,0.21035558190616732,0.7896444180938327,-1.55895593301926,-0.23617253852682973
209,1,2008,1272,1280,0.19547209301093083,0.8045279069890692,-1.63233765649316,-0.2174996245384462
210,1,2008,1397,1139,0.45171087674635846,0.5482891232536415,-0.7947129570313266,-0.6009525339864004
211,1,2008,1437,1373,0.47938429627622914,0.5206157037237709,-0.7352527145558627,-0.6527431222132071
212,1,2008,1443,1360,0.2383581185456516,0.7616418814543484,-1.4339810364653909,-0.2722788056115589
213,1,2008,1257,1397,0.4503375896480989,0.5496624103519011,-0.7977577782585494,-0.5984509885677459
214,1,2008,1314,1450,0.2621086571383744,0.7378913428616256,-1.3389961392922067,-0.3039586971161602
215,1,2008,1172,1458,0.6232073503413477,0.37679264965865233,-0.47287598998079566,-0.9760602437455372
216,1,2008,1272,1277,0.21400860720351111,0.7859913927964889,-1.5417390441919565,-0.24080943725348858
217,1,2008,1400,1390,0.34357017945794166,0.6564298205420583,-1.0683638811775487,-0.42093949035623984
218,1,2008,1314,1257,0.3464441884863706,0.6535558115136294,-1.060033545515104,-0.42532734556514146
219,1,2008,1417,1462,0.33777047979846786,0.6622295202015321,-1.085388668011298,-0.4121430758811303
220,1,2008,1242,1314,0.6056360192118846,0.39436398078811546,-0.5014761017255237,-0.9304809870263261
221,1,2008,1272,1417,0.4473023232317328,0.5526976767682672,-0.8045205746562354,-0.592944123574466
222,1,2009,1181,1127,0.1340233809714827,0.8659766190285173,-2.0097410093901273,-0.14389736959651206
223,1,2009,1211,1103,0.20140148143463388,0.7985985185653661,-1.6024549430413424,-0.22489693939434835
224,1,2009,1276,1155,0.6005312044879345,0.39946879551206543,-0.5099406746357793,-0.9176196256823695
225,1,2009,1314,1347,0.20011414695608132,0.7998858530439187,-1.6088673404608451,-0.22328624518959822
226,1,2009,1328,1288,0.2762155427718749,0.7237844572281251,-1.286573765977375,-0.3232616419320181
227,1,2009,1345,1320,0.3276019384961505,0.6723980615038495,-1.115956009755313,-0.39690476040268063
228,1,2009,1417,1433,0.2936869023575004,0.7063130976424996,-1.2252410370818017,-0.3476966587175371
229,1,2009,1437,1110,0.326868116478368,0.673131883521632,-1.118198502959467,-0.39581400490779073
230,1,2009,1449,1280,0.4458257445232108,0.5541742554767892,-0.8078271106551361,-0.5902761011205465
231,1,2009,1113,1396,0.3740433973930767,0.6259566026069233,-0.9833834524888736,-0.4684742351941893
232,1,2009,1266,1429,0.6503785419930391,0.3496214580069609,-0.43020071330840726,-1.0509042583459078
233,1,2009,1338,1190,0.23261640886264334,0.7673835911373567,-1.4583644959745912,-0.26476848380946794
234,1,2009,1393,1372,0.11799808247563592,0.8820019175243641,-2.1370869048549834,-0.12556104891380418
235,1,2009,1425,1130,0.5521668971267277,0.4478331028732722,-0.5939049285362914,-0.8033346542060602
236,1,2009,1458,1199,0.35946196431895616,0.6405380356810438,-1.023146909034677,-0.44544677505092767
237,1,2009,1462,1340,0.38732447543112547,0.6126755245688745,-0.9484924994384629,-0.48991980689210907
238,1,2009,1163,1401,0.2624967272066918,0.7375032727933082,-1.3375166648122132,-0.30448475309216705
239,1,2009,1181,1400,0.3248520874256552,0.6751479125743448,-1.1243853158623125,-0.3928234823752518
240,1,2009,1211,1443,0.26910964087481093,0.7308903591251891,-1.3126363955260651,-0.3134918179984522
241,1,2009,1314,1261,0.32838571475550804,0.671614285244492,-1.1135664018764633,-0.3980710835396697
242,1,2009,1345,1449,0.6012541240777455,0.3987458759222545,-0.5087375984127247,-0.919430967451289
243,1,2009,1437,1417,0.504470342150807,0.495529657849193,-0.6842462275352911,-0.7021280726154199
244,1,2009,1112,1156,0.5076571208403708,0.4923428791596291,-0.6779490182666613,-0.708579896357008
245,1,2009,1242,1173,0.25182178458664617,0.7481782154133538,-1.3790336456786854,-0.2901140734858837
246,1,2009,1257,1373,0.31874133066311017,0.6812586693368898,-1.1433753807990257,-0.38381320745352154
247,1,2009,1277,1425,0.34629729251259445,0.6537027074874056,-1.0604576459335344,-0.4251026065831279
248,1,2009,1281,1266,0.4514222051588124,0.5485777948411876,-0.7953522240522354,-0.6004261773437691
249,1,2009,1338,1329,0.1126377374264973,0.8873622625735027,-2.1835784735417487,-0.11950196677716098
250,1,2009,1462,1458,0.4016195590582051,0.5983804409417949,-0.9122500089563861,-0.5135285384479755
251,1,2009,1437,1181,0.7905740143100732,0.2094259856899268,-0.23499599697483783,-1.5633848923045313
252,1,2009,1277,1242,0.4458160370248545,0.5541839629751455,-0.8078488850909187,-0.5902585842235815
253,1,2009,1314,1211,0.2759095869035878,0.7240904130964122,-1.2876820506148952,-0.32283901442585455
254,1,2009,1437,1338,0.6192511521056265,0.3807488478943735,-0.47924435012893,-0.9656153130962146
255,1,2009,1314,1328,0.1832293660135208,0.8167706339864792,-1.6970165447543224,-0.20239696529209317
256,1,2009,1314,1437,0.20310095376310178,0.7968990462368982,-1.5940521143797353,-0.22702727542078938
257,1,2009,1314,1277,0.3338477832192981,0.6661522167807019,-1.0970701287503326,-0.40623708083139387
258,1,2010,1124,1358,0.09107346217981449,0.9089265378201855,-2.3960888214366047,-0.09549100454992973
259,1,2010,1139,1431,0.29636244003743906,0.7036375599625609,-1.2161721141113895,-0.35149188499299017
260,1,2010,1242,1250,0.08350968677975079,0.9164903132202492,-2.4827926445155573,-0.0872037810760189
261,1,2010,1246,1190,0.16786344454090119,0.8321365554590988,-1.784604460218078,-0.18375872247107433
262,1,2010,1307,1285,0.3214721611117173,0.6785278388882827,-1.1348443296859427,-0.3878297704998693
263,1,2010,1320,1424,0.28994713680775475,0.7100528631922453,-1.2380566594876994,-0.3424158565180814
264,1,2010,1325,1207,0.8357292768324975,0.16427072316750244,-0.1794505498822658,-1.8062394611284829
265,1,2010,1388,1350,0.48958057045005643,0.5104194295499436,-0.7142062331097563,-0.672522480376052
266,1,2010,1397,1361,0.357911706838009,0.642088293161991,-1.0274689519434652,-0.4430294564586185
267,1,2010,1437,1352,0.2936651427549448,0.7063348572450552,-1.225315130984246,-0.34766585188773635
268,1,2010,1448,1400,0.6928027498634657,0.30719725013653437,-0.3670099525393269,-1.1802652291271527
269,1,2010,1449,1266,0.47080066812711385,0.5291993318728861,-0.7533204844655146,-0.6363901092650243
270,1,2010,1210,1329,0.5930491143493052,0.4069508856506948,-0.52247805989081,-0.8990627748981612
271,1,2010,1268,1222,0.38302853164024897,0.616971468359751,-0.9596457974318633,-0.4829324986747345
272,1,2010,1277,1308,0.251119201283876,0.748880798716124,-1.3818275470688364,-0.28917545537167355
273,1,2010,1281,1155,0.5340503942496346,0.4659496057503654,-0.6272650732206314,-0.7636777928708747
274,1,2010,1338,1324,0.2646407506730324,0.7353592493269676,-1.3293820305689399,-0.30739612458618015
275,1,2010,1393,1436,0.23533874433272395,0.764661255667276,-1.4467293375060801,-0.2683223462711342
276,1,2010,1452,1288,0.24808048231797863,0.7519195176820214,-1.3940020599884368,-0.28512598511882675
277,1,2010,1458,1459,0.24001817195610042,0.7599818280438996,-1.4270406420227422,-0.2744607564561733
278,1,2010,1124,1330,0.3724804008074927,0.6275195991925073,-0.9875708578286542,-0.4659803746910422
279,1,2010,1246,1448,0.2230667684288682,0.7769332315711318,-1.5002841423413211,-0.25240086336065853
280,1,2010,1397,1325,0.2510296127344507,0.7489703872655493,-1.3821843677876147,-0.28905583260758244
281,1,2010,1449,1307,0.5990345198543254,0.4009654801456746,-0.5124360533880752,-0.9138799398057962
282,1,2010,1165,1458,0.680164956823901,0.31983504317609895,-0.38541992666605973,-1.1399499061737421
283,1,2010,1181,1143,0.2917768744257161,0.7082231255742839,-1.2317658974880372,-0.34499608582124885
284,1,2010,1277,1268,0.5106260916305575,0.4893739083694425,-0.6721176755379737,-0.7146284429022548
285,1,2010,1393,1211,0.31986742530581913,0.6801325746941809,-1.1398486649519453,-0.3854675370291986
286,1,2010,1462,1338,0.5027363845236865,0.4972636154763134,-0.6876893326977177,-0.698634980071765
287,1,2010,1139,1393,0.5879170756111383,0.4120829243888617,-0.5311693689010895,-0.8865306770967616
288,1,2010,1181,1345,0.26166783093551094,0.7383321690644891,-1.3406794004426634,-0.3033614620600792
289,1,2010,1397,1326,0.5699390483951421,0.43006095160485786,-0.5622258565113452,-0.8438283324215418
290,1,2010,1139,1243,0.48029535039659144,0.5197046496034086,-0.7333540509815941,-0.6544946103011845
291,1,2010,1452,1246,0.4882328589593403,0.5117671410406597,-0.7169628169397426,-0.669885560051687
292,1,2010,1181,1124,0.3056914786096976,0.6943085213903024,-1.1851789254830307,-0.3648388619433331
293,1,2010,1277,1397,0.27845650907283814,0.7215434909271619,-1.2784933931276015,-0.32636262409956157
294,1,2010,1139,1277,0.392625788944598,0.607374211055402,-0.9348983117153536,-0.4986101851984209
295,1,2010,1181,1139,0.2629357277715303,0.7370642722284697,-1.3358456577671416,-0.30508018268681764
296,1,2011,1421,1114,0.4063682865918766,0.5936317134081234,-0.9004954207236844,-0.5214961630032919
297,1,2011,1139,1330,0.29498357911751094,0.7050164208824891,-1.2208355882000532,-0.3495341844092242
298,1,2011,1140,1459,0.23200645012643983,0.7679935498735602,-1.4609901054331658,-0.26397394447186856
299,1,2011,1153,1281,0.48951891453945484,0.5104810854605452,-0.7143321772280575,-0.6724016930715694
300,1,2011,1211,1385,0.42272401063217424,0.5772759893678258,-0.861035770012984,-0.5494348090363375
301,1,2011,1246,1343,0.18736167383826685,0.8126383261617331,-1.6747144453646363,-0.20746913168504819
302,1,2011,1287,1257,0.8163248621829081,0.18367513781709188,-0.20294288782471648,-1.69458663714483
303,1,2011,1338,1421,0.18223935521876689,0.8177606447812331,-1.702434317377941,-0.20118559549002552
304,1,2011,1361,1294,0.2595821229627334,0.7404178770372666,-1.3486821603033385,-0.30054055346722386
305,1,2011,1417,1277,0.569903571037613,0.4300964289623869,-0.5622881060832347,-0.8437458420346644
306,1,2011,1199,1401,0.5467755400971448,0.4532244599028552,-0.6037169079471774,-0.7913677797426512
307,1,2011,1228,1424,0.5367182729255439,0.46328172707445614,-0.6222819535640577,-0.7694199281436112
308,1,2011,1276,1397,0.4245984238452527,0.5754015761547473,-0.8566114418130113,-0.5526870886353037
309,1,2011,1323,1103,0.2965591189336022,0.7034408810663978,-1.2155086910990163,-0.3517714414010895
310,1,2011,1345,1389,0.2164106641831024,0.7835893358168976,-1.5305774532651444,-0.2438702022222014
311,1,2011,1393,1232,0.13053019285911105,0.869469807140889,-2.036150716074593,-0.13987167018301214
312,1,2011,1400,1324,0.2206909726818288,0.7793090273181712,-1.5109918696741313,-0.24934761431908925
313,1,2011,1433,1207,0.6093935772222716,0.39060642277772833,-0.49529095199661816,-0.9400548173113893
314,1,2011,1449,1208,0.40065018547691567,0.5993498145230843,-0.914666587818153,-0.511909853792521
315,1,2011,1140,1211,0.4795048683990961,0.5204951316009039,-0.7350012316359503,-0.6529747442832404
316,1,2011,1246,1452,0.5029837773851707,0.49701622261482925,-0.6871973611218382,-0.6991326123421014
317,1,2011,1458,1243,0.3051697381737327,0.6948302618262673,-1.1868871385713708,-0.36408769083386366
318,1,2011,1242,1228,0.11695543015879595,0.883044569841204,-2.1459623555737126,-0.12437960418066851
319,1,2011,1266,1393,0.6398860366878554,0.3601139633121446,-0.44646518615957625,-1.0213347328720743
320,1,2011,1314,1449,0.36149045850129,0.63850954149871,-1.0175196319189532,-0.4486186600053638
321,1,2011,1326,1206,0.2950122588910976,0.7049877411089024,-1.2207383679426829,-0.34957486481906086
322,1,2011,1433,1345,0.7226157970861052,0.27738420291389476,-0.32487759905432356,-1.282351719680787
323,1,2011,1242,1350,0.18277514131815475,0.8172248586818452,-1.69949861762207,-0.2018409971647584
324,1,2011,1246,1326,0.47795575615329733,0.5220442438467027,-0.7382371111234048,-0.6500029363642658
325,1,2011,1139,1196,0.5175111477908259,0.4824888522091742,-0.6587242124498461,-0.728797462699694
326,1,2011,1139,1433,0.39277978307167805,0.607220216928322,-0.9345061725848454,-0.4988637581184957
327,1,2011,1163,1139,0.3335135665070391,0.6664864334929609,-1.0980717352723075,-0.40573549441980744
328,1,2012,1378,1143,0.6632423775336262,0.33675762246637375,-0.4106147786294596,-1.0883918285614296
329,1,2012,1436,1249,0.6204813800596103,0.37951861994038977,-0.4772596827496726,-0.9688516189485168
330,1,2012,1231,1308,0.3030541058281262,0.6969458941718738,-1.1938439223244475,-0.3610474979608729
331,1,2012,1243,1379,0.529649849791318,0.4703501502086819,-0.6355391515395626,-0.754277861209105
332,1,2012,1266,1140,0.2975315286089123,0.7024684713910877,-1.2122350810944267,-0.35315475936348123
333,1,2012,1435,1217,0.45865412399380834,0.5413458760061917,-0.7794588954745967,-0.6136968772348662
334,1,2012,1199,1382,0.37651760985590865,0.6234823901440913,-0.9767904603103355,-0.472434757814886
335,1,2012,1207,1125,0.26928834217132225,0.7307116578286778,-1.3119725694765596,-0.3137363459825805
336,1,2012,1242,1178,0.18727769339871458,0.8127223066012854,-1.6751627722000049,-0.2073657940774623
337,1,2012,1250,1181,0.7716346115967216,0.2283653884032784,-0.25924414204016893,-1.476808352073735
338,1,2012,1314,1436,0.21748130954902034,0.7825186904509797,-1.5256423652538118,-0.24523747129272683
339,1,2012,1325,1276,0.5803472043510358,0.41965279564896424,-0.5441287263566116,-0.868327586616884
340,1,2012,1345,1388,0.5029114601689457,0.4970885398310542,-0.6873411478973387,-0.6989871201986485
341,1,2012,1462,1323,0.4867382807402292,0.5132617192597708,-0.7200287115677381,-0.6669693899102205
342,1,2012,1257,1307,0.3161035178629511,0.6838964821370489,-1.1516855308666194,-0.37994871471782754
343,1,2012,1458,1435,0.39745446688279074,0.6025455331172093,-0.9226749001714954,-0.5065920428343489
344,1,2012,1196,1313,0.1179922266949831,0.8820077733050169,-2.137136532152601,-0.12555440974318818
345,1,2012,1277,1387,0.29996468853285496,0.700035311467145,-1.2040905161441837,-0.3566245002579719
346,1,2012,1314,1166,0.21231265911070785,0.7876873408892922,-1.5496952836440923,-0.23865404338169566
347,1,2012,1196,1266,0.2978951567601895,0.7021048432398105,-1.2110136773333318,-0.3536725367633696
348,1,2012,1257,1277,0.6076013964022673,0.39239860359773276,-0.4982362100369138,-0.9354771099166983
349,1,2012,1124,1462,0.36724275896144676,0.6327572410385532,-1.0017321810416688,-0.45766843586331024
350,1,2012,1246,1231,0.17371065537051578,0.8262893446294842,-1.7503642640902295,-0.19081027063893202
351,1,2012,1314,1325,0.20996258425662906,0.7900374157433709,-1.5608259343453934,-0.23567497294213025
352,1,2012,1257,1196,0.4337216727997536,0.5662783272002464,-0.8353522575199808,-0.5686695774754499
353,1,2012,1326,1393,0.5696972149564679,0.43030278504353214,-0.5626502611219758,-0.8432661668286839
354,1,2012,1246,1124,0.20981575843155087,0.7901842415684491,-1.5615254741555011,-0.2354891435367157
355,1,2012,1242,1326,0.4926672806536988,0.5073327193463012,-0.707921219890443,-0.6785882394534586
356,1,2012,1246,1242,0.33407137136148324,0.6659286286385168,-1.0964006221221623,-0.406572778390673
357,1,2013,1241,1254,0.5314741446582962,0.4685258553417037,-0.6321007283696611,-0.7581639913308017
358,1,2013,1143,1424,0.5547373264327113,0.44526267356728866,-0.5892605629775602,-0.8090908932819398
359,1,2013,1217,1307,0.6588805061015769,0.3411194938984231,-0.41721308701895315,-1.0755224410925555
360,1,2013,1272,1388,0.3869093844579168,0.6130906155420832,-0.9495647620569926,-0.48924253090039654
361,1,2013,1433,1103,0.36360369474575394,0.6363963052542461,-1.0116907551634617,-0.4519337882326461
362,1,2013,1455,1338,0.5272204145592296,0.4727795854407703,-0.6401365739349865,-0.7491259918242003
363,1,2013,1166,1153,0.30363472437590944,0.6963652756240906,-1.1919298645863097,-0.3618809350192685
364,1,2013,1181,1107,0.26873125967139266,0.7312687403286073,-1.3140434334268987,-0.31297425296465237
365,1,2013,1195,1207,0.7264094849254439,0.2735905150745561,-0.3196413943388861,-1.2961227609598207
366,1,2013,1228,1160,0.28879341412454473,0.7112065858754553,-1.2420436765013796,-0.34079233459548763
367,1,2013,1279,1458,0.6391724154974971,0.3608275845025028,-0.44758104018983563,-1.0193550399951994
368,1,2013,1326,1233,0.1830012614907086,0.8169987385092914,-1.6982622327726251,-0.20211772817560114
369,1,2013,1361,1328,0.5593004836410411,0.44069951635895893,-0.5810684124293454,-0.8193920045730577
370,1,2013,1396,1301,0.4213270955691957,0.5786729044308043,-0.8643457978729834,-0.5470178929417293
371,1,2013,1112,1217,0.30404459191200006,0.6959554080879999,-1.190580904411897,-0.3624696895392937
372,1,2013,1257,1161,0.3017317505573841,0.6982682494426159,-1.198216899516474,-0.35915193852615046
373,1,2013,1266,1139,0.38988835332437555,0.6101116466756245,-0.9418948543697753,-0.49411331122515045
374,1,2013,1277,1272,0.40341896650083675,0.5965810334991632,-0.9077796379563726,-0.5165401983904682
375,1,2013,1455,1211,0.6943685371450835,0.3056314628549165,-0.36475242607338104,-1.1853752726210267
376,1,2013,1181,1166,0.3077081206006971,0.6922918793993029,-1.1786036057099019,-0.3677476212538475
377,1,2013,1195,1361,0.5566461257473576,0.4433538742526424,-0.5858255627753085,-0.8133870146070858
378,1,2013,1231,1396,0.2684697882952576,0.7315302117047424,-1.3150168916797176,-0.31261675834304853
379,1,2013,1247,1279,0.583428445063187,0.416571554936813,-0.5388334653439291,-0.8756970315626886
380,1,2013,1393,1231,0.39907590165955786,0.6009240983404421,-0.9186036504604504,-0.5092866447012693
381,1,2013,1181,1277,0.3634067192203322,0.6365932807796678,-1.01223263331667,-0.4516243190442807
382,1,2013,1196,1195,0.2404388294379035,0.7595611705620965,-1.4252895692396648,-0.2750144196206047
383,1,2013,1276,1242,0.560637149589351,0.43936285041064904,-0.5786813748955819,-0.8224296687809839
384,1,2013,1393,1266,0.20937453482380608,0.7906254651761939,-1.5636305981423197,-0.23493091870127863
385,1,2013,1455,1326,0.6703651831799293,0.32963481682007073,-0.39993266556038143,-1.1097698529696118
386,1,2013,1257,1181,0.5474059181306885,0.45259408186931144,-0.6025646710882049,-0.7927596217203519
387,1,2013,1257,1455,0.2910819985012626,0.7089180014987374,-1.2341502697123967,-0.3440154128778585
388,1,2013,1257,1276,0.35453834980407894,0.645461650195921,-1.03693875887769,-0.43778948146588803
389,1,2014,1107,1291,0.6088623734394503,0.3911376265605497,-0.496163024595481,-0.9386957948409796
390,1,2014,1301,1462,0.37125720134685547,0.6287427986531445,-0.9908601914860706,-0.46403301106814177
391,1,2014,1163,1386,0.13871985897749384,0.8612801410225062,-1.9752987825486499,-0.149335460433545
392,1,2014,1196,1107,0.17624726304291116,0.8237527369570888,-1.7358673662448791,-0.19388487061301704
393,1,2014,1277,1174,0.28497862669706464,0.7150213733029354,-1.2553410955710678,-0.3354428440035301
394,1,2014,1332,1140,0.4125931633419939,0.5874068366580061,-0.8852932481817462,-0.5320376214395769
395,1,2014,1361,1308,0.31744637386592356,0.6825536261340764,-1.147446376124496,-0.38191418191950394
396,1,2014,1400,1113,0.4289925093445217,0.5710074906554783,-0.8463158209419411,-0.560352950926222
397,1,2014,1458,1110,0.23356733388531048,0.7664326661146895,-1.4542848756260172,-0.266008430432808
398,1,2014,1112,1451,0.19314788184042542,0.8068521181595746,-1.6442991563269471,-0.21461487637720836
399,1,2014,1166,1418,0.36850800675111195,0.631491993248888,-0.9982928396346236,-0.45967001621276454
400,1,2014,1211,1329,0.22637417815451188,0.7736258218454881,-1.4855659932456162,-0.2566669565926046
401,1,2014,1235,1300,0.399959719966548,0.600040280033452,-0.9163914370283789,-0.5107584926302491
402,1,2014,1273,1181,0.8136191441399121,0.18638085586008785,-0.20626290436248293,-1.6799630866183888
403,1,2014,1390,1307,0.655766528309574,0.34423347169042595,-0.4219504553532968,-1.0664351550447444
404,1,2014,1397,1269,0.4981821641170333,0.5018178358829667,-0.6967894774431826,-0.6895181018732576
405,1,2014,1417,1409,0.3629075716972532,0.6370924283027468,-1.0136071005628788,-0.4508405345595014
406,1,2014,1438,1157,0.6607349309945801,0.33926506900541986,-0.4144025316683834,-1.080973562667283
407,1,2014,1455,1142,0.15763499271818304,0.842365007281817,-1.847473091190632,-0.17154185833923494
408,1,2014,1276,1400,0.4605029846445271,0.5394970153554729,-0.7754359419950166,-0.6171180265411915
409,1,2014,1124,1166,0.6406423940670918,0.3593576059329083,-0.44528386530948044,-1.0234372694842249
410,1,2014,1397,1273,0.2176738817767777,0.7823261182232223,-1.52475729140353,-0.24548359439408746
411,1,2014,1438,1272,0.39231497329490894,0.6076850267050911,-0.9356902585243001,-0.49809857943170727
412,1,2014,1173,1390,0.36605777307851206,0.6339422269214879,-1.0049641080964722,-0.4557974534265358
413,1,2014,1196,1417,0.19291733169591962,0.8070826683040804,-1.6454935150198762,-0.2143291769201948
414,1,2014,1246,1257,0.5858611239828895,0.41413887601711047,-0.5346725072819334,-0.8815539120906737
415,1,2014,1196,1173,0.13056100860701225,0.8694389913929877,-2.035914662558647,-0.13990711280994048
416,1,2014,1458,1112,0.34206697174316736,0.6579330282568326,-1.0727487372800806,-0.4186521336015254
417,1,2014,1246,1276,0.4245133656580905,0.5754866343419095,-0.8568117880771857,-0.5525392755175026
418,1,2015,1352,1316,0.5759156070459914,0.4240843929540086,-0.5517941445658506,-0.8578228035701398
419,1,2015,1112,1411,0.20430473917242586,0.7956952608275741,-1.5881425803036457,-0.22853900459530385
420,1,2015,1139,1400,0.44380505083319954,0.5561949491668005,-0.8123698876714346,-0.5866364181893436
421,1,2015,1153,1345,0.45646987470517597,0.543530125294824,-0.7842325730081878,-0.6096701456316226
422,1,2015,1207,1186,0.2553854417323421,0.7446145582676579,-1.3649813388394445,-0.2948885659381759
423,1,2015,1209,1124,0.46138166555943505,0.538618334440565,-0.7735296705741878,-0.6187480582620626
424,1,2015,1246,1214,0.15803773026101253,0.8419622697389875,-1.8449214753428094,-0.17202007603005937
425,1,2015,1314,1217,0.2967295676414521,0.7032704323585479,-1.2149341016406419,-0.35201377784504556
426,1,2015,1323,1318,0.23746070988141876,0.7625392901185812,-1.4377531012710736,-0.2711012438037246
427,1,2015,1437,1248,0.1883800260163827,0.8116199739836173,-1.6692939414816113,-0.20872306070786129
428,1,2015,1462,1279,0.32456197687482813,0.6754380231251719,-1.1252787691645232,-0.3923938754207876
429,1,2015,1173,1344,0.5862481689215981,0.4137518310784019,-0.5340120826011984,-0.8824889267335226
430,1,2015,1181,1352,0.18600581372524128,0.8139941862747587,-1.681977349170094,-0.20580205517370323
431,1,2015,1234,1172,0.44524152684878526,0.5547584731512147,-0.8091383870916209,-0.5892224434668529
432,1,2015,1242,1308,0.21939636178844357,0.7806036382115564,-1.516875313828893,-0.24768776345791557
433,1,2015,1268,1434,0.23049472089872025,0.7695052791012797,-1.4675273196332161,-0.26200746529622276
434,1,2015,1277,1208,0.30068364216334686,0.6993163578366531,-1.2016965896580754,-0.35765205281609247
435,1,2015,1320,1461,0.2336074758420693,0.7663925241579307,-1.4541130257915578,-0.2660608068642794
436,1,2015,1328,1107,0.1855864814343835,0.8144135185656165,-1.684234298382014,-0.20528703390614203
437,1,2015,1332,1329,0.40922710988415967,0.5907728901158403,-0.8934849961603556,-0.5263236161146394
438,1,2015,1452,1138,0.4073589965990847,0.5926410034009153,-0.8980604267959093,-0.5231664538622142
439,1,2015,1112,1326,0.5078131079465197,0.4921868920534803,-0.6776417968377041,-0.7088967727217762
440,1,2015,1417,1412,0.2710887205982878,0.7289112794017122,-1.305309129398817,-0.31620325616065764
441,1,2015,1428,1207,0.43429981021307884,0.5657001897869212,-0.8340201764364394,-0.56969104114268
442,1,2015,1462,1209,0.379360677322503,0.620639322677497,-0.9692678712319482,-0.4770051666201922
443,1,2015,1257,1320,0.38475171018620424,0.6152482898137958,-0.955157061344621,-0.48572936937546773
444,1,2015,1277,1438,0.5000744671663053,0.49992553283369473,-0.6929982573169513,-0.6932961259843748
445,1,2015,1328,1173,0.3633218780918097,0.6366781219081903,-1.0124661211117607,-0.4514910542454814
446,1,2015,1458,1332,0.11714753671971201,0.882852463280288,-2.1443211409697382,-0.12459717809134474
447,1,2015,1181,1428,0.24753758498521117,0.7524624150147888,-1.3961928499766252,-0.2844042304306913
448,1,2015,1277,1328,0.4944654185930497,0.5055345814069503,-0.7042780624313648,-0.6821388325608948
449,1,2015,1181,1211,0.3762205702598751,0.6237794297401249,-0.9775796845566892,-0.4719584510813457
450,1,2015,1458,1246,0.7739811400284852,0.22601885997151483,-0.25620777257754945,-1.487136831990316
451,1,2016,1455,1435,0.47388691302426,0.52611308697574,-0.7467865658694193,-0.6422390951019228
452,1,2016,1276,1409,0.5277542631317559,0.4722457368682441,-0.6391245143483781,-0.7502557999186722
453,1,2016,1114,1345,0.5338806666850131,0.46611933331498695,-0.6275829356225398,-0.7633135975643177
454,1,2016,1231,1151,0.4287859411132019,0.5712140588867981,-0.8467974563460545,-0.5599912553625993
455,1,2016,1242,1122,0.06717501346305577,0.9328249865369442,-2.70045392406295,-0.06953767714845407
456,1,2016,1246,1392,0.12673182228324453,0.8732681777167555,-2.065682060734506,-0.1355125793460827
457,1,2016,1274,1138,0.44007998468455334,0.5599200153154467,-0.8207987852164408,-0.5799613352479337
458,1,2016,1428,1201,0.514837418080325,0.485162581919675,-0.6639041212078538,-0.7232712237655384
459,1,2016,1438,1214,0.06952469431792763,0.9304753056820724,-2.666073275593419,-0.07205974201386893
460,1,2016,1455,1112,0.5634772125224161,0.4365227874775839,-0.5736283854993774,-0.8289147000763757
461,1,2016,1463,1124,0.46547493899367287,0.5345250610063271,-0.7646970204625511,-0.6263766627942494
462,1,2016,1292,1277,0.7872184338190344,0.21278156618096555,-0.2392495165733541,-1.547489150356265
463,1,2016,1323,1276,0.4126454177054055,0.5873545822945945,-0.8851666075600362,-0.5321265831003925
464,1,2016,1393,1173,0.4186492405720351,0.5813507594279649,-0.8707218443258529,-0.5424009875503807
465,1,2016,1437,1421,0.3174463000800628,0.6825536999199372,-1.1474466085601935,-0.38191407381685244
466,1,2016,1458,1338,0.43426608763175156,0.5657339123682484,-0.8340978276116189,-0.5696314308104953
467,1,2016,1181,1463,0.22514574767554874,0.7748542523244513,-1.4910073190416087,-0.2550803288314116
468,1,2016,1235,1114,0.47603753347998956,0.5239624665200104,-0.742258576010643,-0.6463352260051644
469,1,2016,1242,1163,0.296400671752872,0.703599328247128,-1.216043119190061,-0.3515462208560743
470,1,2016,1438,1139,0.4245366997944976,0.5754633002055024,-0.8567568227992535,-0.5525798231307564
471,1,2016,1323,1372,0.4034948350203784,0.5965051649796216,-0.9075915917992188,-0.5166673786725645
472,1,2016,1393,1292,0.33165534991573276,0.6683446500842672,-1.1036589519308708,-0.4029512952585205
473,1,2016,1437,1234,0.29551159859466003,0.70448840140534,-1.219047192162924,-0.35028341136254804
474,1,2016,1332,1181,0.7333625203743561,0.2666374796256438,-0.3101151285853732,-1.3218652973763971
475,1,2016,1393,1211,0.5185778307978712,0.4814221692021288,-0.656665154963552,-0.7310107031726716
476,1,2016,1438,1235,0.43734590811542917,0.5626540918845708,-0.8270308452468618,-0.5750902412904557
477,1,2016,1328,1332,0.6604040835912492,0.3395959164087508,-0.41490338344339633,-1.0799988493264565
478,1,2016,1314,1323,0.3446687733842396,0.6553312266157604,-1.0651714002671686,-0.4226144816750157
479,1,2016,1314,1393,0.3551386701627529,0.6448613298372471,-1.035246945602152,-0.4387199778009573
480,0,2002,1108,1373,0.3944054508333771,0.6055945491666229,-0.5015445776150208,-0.930375835777717
481,0,2002,1457,1181,0.7682348278495346,0.23176517215046544,-1.4620306089316684,-0.2636598271421055
482,0,2002,1150,1323,0.5804465931969969,0.41955340680300307,-0.8685644505631595,-0.5439574834598734
483,0,2002,1443,1390,0.2955805643167029,0.7044194356832971,-0.3503813109132248,-1.2188138420132075
484,0,2002,1425,1423,0.5003897958825713,0.49961020411742874,-0.6939270763647761,-0.6923678925186194
485,0,2002,1335,1143,0.3759664048935518,0.6240335951064482,-0.4715510737503236,-0.9782554882714365
486,0,2002,1214,1163,0.6717612183754986,0.3282387816245014,-1.1140139426985594,-0.397852331401944
487,0,2002,1196,1166,0.3455453038485997,0.6544546961514003,-0.4239529150479442,-1.062631518904325
488,0,2002,1361,1228,0.6695422429434448,0.3304577570565552,-1.1072764431195072,-0.4011610195853161
489,0,2002,1270,1280,0.722248665546005,0.277751334453995,-1.2810290459591058,-0.325385787271968
490,0,2002,1277,1301,0.31637242556264955,0.6836275744373504,-0.38034199146037784,-1.150835197446995
491,0,2002,1227,1328,0.7582321265196803,0.24176787348031964,-1.4197772136471793,-0.2767657047061996
492,0,2002,1403,1356,0.30352637405954874,0.6964736259404513,-0.3617253530399634,-1.1922867725561717
493,0,2002,1218,1462,0.7382115177539648,0.26178848224603524,-1.340218420950688,-0.3035248860235825
494,0,2002,1461,1112,0.6825883315287504,0.3174116684712496,-1.1475557088962154,-0.3818633368121704
495,0,2002,1323,1181,0.6915299462342126,0.30847005376578746,-1.176130510799592,-0.36884882261947516
496,0,2002,1423,1231,0.6719820408970756,0.32801795910292436,-1.1146869187343296,-0.3975236636716451
497,0,2002,1390,1242,0.7142795556660408,0.28572044433395916,-1.2527414135588202,-0.336480858725926
498,0,2002,1409,1246,0.6006167524606592,0.39938324753934085,-0.9178338029478488,-0.5097982309470158
499,0,2002,1326,1281,0.3858020496980299,0.6141979503019701,-0.48743800816436006,-0.9524308656733258
500,0,2002,1166,1228,0.701949184333496,0.298050815666504,-1.2104912846432005,-0.3538942645657125
501,0,2002,1458,1268,0.7147804043183189,0.2852195956816811,-1.2544958842410272,-0.3357799102887585
502,0,2002,1280,1400,0.4846339848709871,0.5153660151290129,-0.6628779217640617,-0.7243613433207853
503,0,2002,1153,1417,0.1894495222591437,0.8105504777408563,-0.21004165999141436,-1.6636326632459975
504,0,2002,1356,1163,0.648107289374106,0.351892710625894,-1.0444289492030612,-0.43369902631329715
505,0,2002,1281,1328,0.7277761633087018,0.27222383669129824,-1.301130622094442,-0.31776174604597496
506,0,2002,1332,1242,0.7581636452848666,0.24183635471513337,-1.4194940017508442,-0.27685602576371454
507,0,2002,1242,1268,0.4904280154497651,0.5095719845502349,-0.6741841516077651,-0.7124767682394875
508,0,2002,1231,1268,0.6255513823086264,0.3744486176913736,-0.9823006878642154,-0.4691218064719466
509,0,2003,1411,1421,0.4598457177426327,0.5401542822573673,-0.6159004723465287,-0.7768642419685532
510,0,2003,1166,1141,0.2933507871325314,0.7066492128674686,-0.3472208990616584,-1.2263861603599686
511,0,2003,1301,1143,0.46242774987851887,0.5375722501214811,-0.6206921091830582,-0.7712649507116003
512,0,2003,1140,1163,0.6135527481255378,0.38644725187446216,-0.9507598966604878,-0.48848903951242295
513,0,2003,1161,1181,0.7825684567426925,0.21743154325730757,-1.525871221640138,-0.24517387573918997
514,0,2003,1153,1211,0.38050137125355055,0.6194986287464495,-0.4788447913997328,-0.9662654978667837
515,0,2003,1429,1242,0.6977005798881302,0.30229942011186983,-1.1963372954523859,-0.3599652368947802
516,0,2003,1221,1266,0.7752217433844835,0.22477825661551656,-1.4926408888811802,-0.2546061700573454
517,0,2003,1356,1281,0.505224281831319,0.49477571816868104,-0.7036507137005507,-0.6827528258617014
518,0,2003,1354,1328,0.754788949530568,0.24521105046943206,-1.4056360087682338,-0.28131710585648023
519,0,2003,1451,1458,0.5380004021960199,0.4619995978039802,-0.7721912584549326,-0.619895971244387
520,0,2003,1386,1120,0.3281764640712451,0.6718235359287549,-0.3977595682872967,-1.1142038150510134
521,0,2003,1122,1257,0.8541816191703447,0.14581838082965526,-1.925393398563079,-0.15761143898664062
522,0,2003,1423,1268,0.5292727249005728,0.47072727509942724,-0.7534763864296852,-0.6362514319568524
523,0,2003,1160,1277,0.6053916017423758,0.39460839825762417,-0.9298614026560257,-0.5018797547365671
524,0,2003,1335,1329,0.5554287953438739,0.4445712046561261,-0.8106450464048212,-0.5880148593175113
525,0,2003,1447,1338,0.8599134514801641,0.14008654851983593,-1.9654948436689168,-0.1509235326126709
526,0,2003,1261,1345,0.50363223846176,0.4963677615382401,-0.7004381722847652,-0.6859089628526217
527,0,2003,1264,1393,0.7282284401027503,0.2717715598972497,-1.3027934188794625,-0.3171404886577282
528,0,2003,1421,1400,0.8145072698523513,0.1854927301476487,-1.6847395882813314,-0.20517192543984344
529,0,2003,1190,1448,0.8018581229517825,0.19814187704821745,-1.6187719541389456,-0.2208235908151362
530,0,2003,1407,1462,0.7515156612799492,0.24848433872005082,-1.3923754586908554,-0.2856632299797124
531,0,2003,1211,1112,0.6227562418679133,0.3772437581320867,-0.9748637271779216,-0.4736001018183584
532,0,2003,1390,1163,0.5925319163426916,0.4074680836573084,-0.8977926716819259,-0.5233505401785895
533,0,2003,1141,1181,0.7444705666659006,0.2555294333340994,-1.3644176770139753,-0.2950819620037131
534,0,2003,1143,1328,0.7133565981765314,0.2866434018234686,-1.2495163381258152,-0.3377738459000177
535,0,2003,1409,1458,0.7150765572024322,0.28492344279756776,-1.2555347565616948,-0.33536566900964027
536,0,2003,1257,1139,0.4121370623591387,0.5878629376408613,-0.5312614575055988,-0.8863993093279006
537,0,2003,1428,1246,0.6452324774351899,0.3547675225648101,-1.036292570039748,-0.43814459699362374
538,0,2003,1196,1277,0.313644196329095,0.686355803670905,-0.37635912147275774,-1.1594960682640307
539,0,2003,1329,1393,0.5263975350542729,0.47360246494572716,-0.7473869907262928,-0.6416985816296511
540,0,2003,1345,1400,0.44685509200802587,0.5531449079919741,-0.5921352720177374,-0.8055209158788862
541,0,2003,1323,1112,0.5794392141959559,0.42056078580404405,-0.8661662540019746,-0.5456945152399252
542,0,2003,1181,1242,0.5408316726148339,0.4591683273851661,-0.7783384098199186,-0.6146471897426627
543,0,2003,1268,1277,0.4721748586577196,0.5278251413422804,-0.6389902218255596,-0.7504058987432708
544,0,2003,1163,1400,0.35483131558904757,0.6451686844109524,-0.4382434701598539,-1.036112769789299
545,0,2003,1112,1242,0.5412345216034717,0.45876547839652826,-0.7792161398086471,-0.6139025975737131
546,0,2003,1266,1242,0.5101548888944367,0.4898451111055633,-0.713666037632097,-0.6730408956578215
547,0,2003,1400,1393,0.5209854594316364,0.47901454056836357,-0.7360243259393416,-0.6520331465786231
548,0,2003,1242,1393,0.5286028873245039,0.4713971126754961,-0.7520544134978118,-0.6375178146163025
549,0,2004,1356,1104,0.3115599533698703,0.6884400466301297,-0.37332704284732565,-1.1661634925970126
550,0,2004,1173,1177,0.46763478764887145,0.5323652123511285,-0.6304255357847232,-0.7600676559819531
551,0,2004,1106,1181,0.7741421368000563,0.2258578631999437,-1.4878494014594996,-0.2559997829754794
552,0,2004,1431,1268,0.6257494298624722,0.3742505701375278,-0.9828297322699917,-0.46880525979736104
553,0,2004,1277,1305,0.15306577071124683,0.8469342292887532,-0.16613223871611804,-1.8768875760293109
554,0,2004,1112,1371,0.3976825517902014,0.6023174482097986,-0.5069706500513853,-0.9221012005239878
555,0,2004,1140,1393,0.6786126319067709,0.3213873680932291,-1.1351081292101866,-0.3877048121474758
556,0,2004,1150,1403,0.6413862856833634,0.35861371431663663,-1.0255094744915347,-0.44412337379863187
557,0,2004,1433,1448,0.620071576587834,0.3799284234121661,-0.9677724034452415,-0.4779203614969795
558,0,2004,1190,1153,0.7566089545863842,0.24339104541361575,-1.4130858886961961,-0.2789087315553539
559,0,2004,1320,1210,0.6295933169943637,0.37040668300563634,-0.9931537337010755,-0.4626811966202167
560,0,2004,1227,1242,0.6053632353819465,0.3946367646180536,-0.929789520402511,-0.5019266120516317
561,0,2004,1197,1246,0.809422313019158,0.19057768698084196,-1.657695361871804,-0.21143447956284755
562,0,2004,1284,1280,0.7897760792872397,0.21022392071276028,-1.5595820272387264,-0.2360058176390987
563,0,2004,1186,1329,0.7465912478194261,0.25340875218057385,-1.3727514726995513,-0.29223743528744783
564,0,2004,1449,1412,0.6049679632660196,0.3950320367339804,-0.9287884117142546,-0.5025797756326763
565,0,2004,1177,1163,0.6923687415187945,0.3076312584812055,-1.1788534259635834,-0.3676366018193242
566,0,2004,1314,1400,0.23284135028205,0.76715864971795,-0.26506165452191754,-1.4573979574112137
567,0,2004,1264,1448,0.5064748039041729,0.4935251960958271,-0.7061813654933138,-0.6802807020308996
568,0,2004,1130,1210,0.5726378855550458,0.4273621144449542,-0.8501235819423615,-0.5575017244219129
569,0,2004,1334,1242,0.7603501825343725,0.23964981746562755,-1.4285765150474419,-0.27397618532944873
570,0,2004,1272,1329,0.7384231145848683,0.26157688541513174,-1.3410270218077844,-0.3032382926744658
571,0,2004,1301,1435,0.38133784504018775,0.6186621549598122,-0.48019594696030604,-0.9640695643814002
572,0,2004,1280,1462,0.2993929195627031,0.7006070804372969,-0.35580806202189247,-1.205998456031412
573,0,2004,1435,1163,0.6896315490313154,0.3103684509686846,-1.169995135759235,-0.3715978109237541
574,0,2004,1448,1386,0.628940892866855,0.37105910713314505,-0.9913939106463526,-0.46371799670215413
575,0,2004,1228,1181,0.6928289283955795,0.3071710716044204,-1.1803504500970605,-0.366972166838368
576,0,2004,1305,1210,0.6727013934110431,0.3272986065889569,-1.1168823547741442,-0.3964537425820621
577,0,2004,1412,1242,0.6379427716065165,0.3620572283934836,-1.0159529901664306,-0.44950669933691023
578,0,2004,1386,1329,0.8071496539056595,0.19285034609434054,-1.645840799699796,-0.21424618316434446
579,0,2004,1462,1181,0.7069437610981211,0.2930562389018789,-1.2273907467388725,-0.34680416207959913
580,0,2004,1181,1163,0.4123170578049322,0.5876829421950678,-0.5315676904656008,-0.8859626678114085
581,0,2004,1329,1210,0.2753088854467405,0.7246911145532595,-0.32200976380413404,-1.2898615918486411
582,0,2004,1210,1163,0.6328823604342657,0.36711763956573423,-1.0020729385149043,-0.4574707186048198
583,0,2005,1105,1324,0.5444094203830354,0.4555905796169646,-0.7861607244952136,-0.6080537041976063
584,0,2005,1429,1112,0.5701763467052399,0.4298236532947601,-0.8443802630289037,-0.5618095858170906
585,0,2005,1234,1153,0.7112009223030624,0.2887990776969376,-1.242024065538726,-0.3408002979567049
586,0,2005,1184,1246,0.7316307357834662,0.2683692642165339,-1.3153913952834635,-0.3124793516154367
587,0,2005,1400,1305,0.24103772357945374,0.7589622764205463,-0.27580320450738666,-1.4228018283655997
588,0,2005,1310,1328,0.6976020015505904,0.3023979984494096,-1.1960112535828915,-0.3601065371962563
589,0,2005,1417,1403,0.8015182055496428,0.19848179445035719,-1.6170578986763553,-0.22124759284284462
590,0,2005,1431,1428,0.618197320739811,0.38180267926018896,-0.9628513502709293,-0.4809475832634076
591,0,2005,1285,1449,0.7750746382332527,0.22492536176674732,-1.4919866572919085,-0.2547959468683043
592,0,2005,1166,1452,0.5076486382906387,0.4923513617093613,-0.7085626675576907,-0.677965727616837
593,0,2005,1104,1454,0.3325112186638959,0.6674887813361041,-0.4042326958360814,-1.1010816791128768
594,0,2005,1242,1137,0.09233961325408058,0.9076603867459194,-0.09688499375262223,-2.382282050193627
595,0,2005,1175,1181,0.7771134861435928,0.22288651385640723,-1.5010925435323779,-0.25216888246688673
596,0,2005,1325,1196,0.6944618305584426,0.30553816944155743,-1.1856805672860549,-0.36461807789714745
597,0,2005,1278,1235,0.3634599268087878,0.6365400731912122,-0.4517079043000132,-1.0120862307025418
598,0,2005,1418,1257,0.6811550864759235,0.31884491352407657,-1.1430504589148978,-0.3839652653151278
599,0,2005,1330,1277,0.740309323170026,0.259690676829974,-1.3482640607269105,-0.3006871758395554
600,0,2005,1390,1280,0.5366984566003283,0.46330154339967167,-0.7693771552469919,-0.6223188755248819
601,0,2005,1150,1301,0.5098251482532699,0.49017485174673014,-0.7129931112303731,-0.6736874586113007
602,0,2005,1393,1436,0.28144238635252805,0.718557613647472,-0.33050939066877605,-1.2678275189479378
603,0,2005,1320,1458,0.6127286382591214,0.3872713617408786,-0.9486296385445133,-0.48983311926382883
604,0,2005,1305,1228,0.7588165001020242,0.24118349989797577,-1.4221972248522516,-0.2759952961629365
605,0,2005,1334,1449,0.6513989963823217,0.34860100361767826,-1.0538272669052997,-0.42863292684993864
606,0,2005,1130,1454,0.4398704726385726,0.5601295273614274,-0.5795872231387076,-0.8212749757751164
607,0,2005,1280,1181,0.8138123504192643,0.1861876495807357,-1.6810002451213213,-0.2060254672956623
608,0,2005,1210,1257,0.6223442066863406,0.3776557933136594,-0.9737720979096286,-0.47426195234952156
609,0,2005,1436,1277,0.6977216513934712,0.30227834860652886,-1.1964070019696937,-0.35993503599232896
610,0,2005,1163,1301,0.3012933886886563,0.6987066113113437,-0.3585243511651593,-1.1996707757064176
611,0,2005,1356,1329,0.6469625683029345,0.3530374316970655,-1.0411811888686715,-0.4354668404007087
612,0,2005,1196,1437,0.42911104386919297,0.570888956130807,-0.5605605608639367,-0.8460395500303914
613,0,2005,1449,1257,0.589155342231678,0.41084465776832196,-0.8895400975656569,-0.5290653911703096
614,0,2005,1428,1246,0.5960760465008756,0.4039239534991244,-0.906528652652272,-0.5173870252561845
615,0,2005,1301,1458,0.5236693490484546,0.47633065095154536,-0.7416430210485963,-0.6468948071000654
616,0,2005,1112,1228,0.569629704480987,0.4303702955190129,-0.8431092885036987,-0.5627687705232864
617,0,2005,1246,1277,0.42874241605741215,0.5712575839425879,-0.5599150608135547,-0.8468989691542624
618,0,2005,1458,1314,0.7097804736635952,0.2902195263364048,-1.237117655005131,-0.34279954877959007
619,0,2005,1277,1314,0.5727616127014669,0.42723838729853314,-0.8504131374645807,-0.5572856825132327
620,0,2005,1228,1314,0.5131192180594198,0.48688078194058015,-0.7197359868115565,-0.6672470669326305
621,0,2006,1334,1130,0.7793055596777593,0.2206944403222407,-1.5109761571457612,-0.24935206396358875
622,0,2006,1380,1181,0.7904011959857534,0.20959880401424655,-1.5625600325904294,-0.23521461940975358
623,0,2006,1423,1203,0.5205216736821164,0.47947832631788356,-0.735056586268577,-0.6529237516746993
624,0,2006,1462,1211,0.6104866761800484,0.38951332381995163,-0.9428572067597306,-0.49349881010843943
625,0,2006,1102,1228,0.5970147333849605,0.4029852666150396,-0.9088552769716524,-0.5158134868572727
626,0,2006,1361,1231,0.5589489919443955,0.4410510080556045,-0.8185947456987362,-0.5816970587482488
627,0,2006,1233,1261,0.5806240214117844,0.4193759785882157,-0.8689874378145839,-0.5436518548203467
628,0,2006,1305,1285,0.3291922673791815,0.6708077326208185,-0.3992727216385542,-1.1111132995827344
629,0,2006,1457,1397,0.5587634549962676,0.44123654500373244,-0.818174164108937,-0.582029052814057
630,0,2006,1125,1417,0.753440862247438,0.246559137752562,-1.4001534045264317,-0.28310474807334324
631,0,2006,1429,1449,0.5926227881048922,0.4073772118951077,-0.8980157122101667,-0.5231971901357004
632,0,2006,1242,1133,0.20019514640950675,0.7998048535904932,-0.2233875140825895,-1.6084626561036577
633,0,2006,1116,1137,0.41539674153555795,0.584603258464442,-0.5368218524846682,-0.8785212117318009
634,0,2006,1320,1207,0.6454181945664295,0.3545818054335706,-1.0368161967724527,-0.43785680861439735
635,0,2006,1331,1272,0.8355247223773918,0.1644752776226082,-1.8049950080795458,-0.17969534146538108
636,0,2006,1293,1314,0.6889126211549479,0.3110873788450521,-1.1676814453484636,-0.3726408358149293
637,0,2006,1172,1326,0.7417572324828414,0.25824276751715863,-1.3538551771164409,-0.2987332692920535
638,0,2006,1356,1452,0.4885085576021133,0.5114914423978867,-0.6704244241353243,-0.7163982895317302
639,0,2006,1203,1181,0.7935995642450727,0.2064004357549273,-1.577937134161225,-0.23117627209797467
640,0,2006,1454,1196,0.7077160641099005,0.2922839358900995,-1.2300295659868636,-0.345712305119017
641,0,2006,1231,1211,0.6714689642962386,0.32853103570376146,-1.1131239684919523,-0.3982874825586734
642,0,2006,1104,1417,0.6205617413687807,0.37943825863121927,-0.9690633867359623,-0.4771301766786986
643,0,2006,1338,1133,0.22243625008247658,0.7775637499175234,-0.2515896448269755,-1.503114734912783
644,0,2006,1246,1163,0.6875754908337874,0.3124245091662125,-1.1633924096566943,-0.3745836506203765
645,0,2006,1326,1207,0.3224982535042422,0.6775017464957578,-0.3893431483780867,-1.1316575582516955
646,0,2006,1137,1272,0.6398415997705057,0.3601584002294943,-1.0212113436663923,-0.44653463362027274
647,0,2006,1112,1437,0.4965298999135407,0.5034701000864593,-0.6862309527249424,-0.7001115759334257
648,0,2006,1322,1452,0.6663258699805072,0.3336741300194927,-1.0975904208943918,-0.4059764338421281
649,0,2006,1181,1261,0.1577423355420925,0.8422576644579075,-0.1716692967571732,-1.846792364845167
650,0,2006,1133,1272,0.7691348005543863,0.23086519944561362,-1.4659212909766781,-0.26248903152987507
651,0,2006,1130,1437,0.507001710737462,0.49299828926253797,-0.7072495750011715,-0.6792409011610213
652,0,2006,1400,1261,0.39162026607556444,0.6083797339244356,-0.4969560295981629,-0.9374626176843677
653,0,2006,1437,1196,0.4617581732204561,0.5382418267795439,-0.6194473276564033,-0.7727139595278624
654,0,2006,1163,1206,0.2719552440113254,0.7280447559886746,-0.31739275466872513,-1.302117770301011
655,0,2006,1206,1196,0.6795518465405359,0.32044815345946404,-1.1380347833843933,-0.3863217472854719
656,0,2007,1403,1130,0.49311963724521046,0.5068803627547895,-0.6794802741343178,-0.7070034624825303
657,0,2007,1211,1231,0.5606856559136941,0.4393143440863058,-0.8225400763907323,-0.5785948586415017
658,0,2007,1390,1257,0.6488183435091797,0.3511816564908203,-1.0464516495339482,-0.4326025036009836
659,0,2007,1266,1277,0.47916622464224634,0.5208337753577537,-0.6523243373531633,-0.7357077174649135
660,0,2007,1184,1314,0.7383320087442107,0.2616679912557893,-1.340678787756615,-0.30336167919851975
661,0,2007,1181,1433,0.2681898311129356,0.7318101688870644,-0.31223413077471157,-1.3160602241668018
662,0,2007,1203,1435,0.44299900000382075,0.5570009999961792,-0.5851882437311877,-0.8141877662672675
663,0,2007,1140,1462,0.529319970525558,0.47068002947444204,-0.7535767587654327,-0.6361621707608878
664,0,2007,1437,1246,0.48190178254619853,0.5180982174538015,-0.6575904457119928,-0.730014956346637
665,0,2007,1221,1356,0.4289036352225396,0.5710963647774604,-0.5601973186310699,-0.8465230118073224
666,0,2007,1323,1457,0.291598536199132,0.708401463800868,-0.3447443067276714,-1.232377298753471
667,0,2007,1394,1458,0.74876556187134,0.2512344381286599,-1.3813687593234543,-0.2893293459670024
668,0,2007,1130,1207,0.6279496230441153,0.37205037695588467,-0.9887260119532902,-0.4652953338141998
669,0,2007,1277,1314,0.6302286158865156,0.3697713841134845,-0.9948703450852263,-0.46167264306288935
670,0,2007,1433,1338,0.5463484744596872,0.45365152554031285,-0.7904259405587226,-0.6044982752092606
671,0,2007,1257,1401,0.45218459583539916,0.5478154041646008,-0.6018169024963101,-0.7936647846556886
672,0,2007,1231,1417,0.3575687425104749,0.6424312574895251,-0.44249546017104174,-1.0284276485902137
673,0,2007,1450,1435,0.28835115493558694,0.7116488450644131,-0.34017068436513614,-1.2435762536033095
674,0,2007,1345,1196,0.5547687550542963,0.4452312449457036,-0.8091614802246345,-0.5892039096214087
675,0,2007,1457,1332,0.3916129427047179,0.6083870572952821,-0.4969439921709427,-0.9374813180427402
676,0,2007,1458,1424,0.32399119526895537,0.6760088047310446,-0.39154917827392827,-1.127038938654874
677,0,2007,1401,1272,0.45976152154638805,0.540238478453612,-0.6157446101462679,-0.7770473553519255
678,0,2007,1397,1326,0.5090425388632458,0.49095746113675426,-0.7113977921368551,-0.6752236925184788
679,0,2007,1435,1207,0.7926641422255044,0.20733585777449556,-1.5734152992239585,-0.2323556751495391
680,0,2007,1272,1326,0.45324683630152063,0.5467531636984794,-0.6037578330707537,-0.7913184094012765
681,0,2007,1417,1196,0.46320158581484927,0.5367984141851507,-0.6221326475295675,-0.7695929291220246
682,0,2007,1207,1326,0.3804303723018805,0.6195696276981195,-0.4787301908498785,-0.9664521084333093
683,0,2007,1326,1196,0.4364451518333412,0.5635548481666588,-0.5734906154268598,-0.8290925660459064
684,0,2008,1164,1291,0.6451484454220296,0.35485155457797035,-1.0360557330767641,-0.43827484072520795
685,0,2008,1340,1242,0.8694078857443348,0.13059211425566514,-2.0356764448535776,-0.13994289013923294
686,0,2008,1396,1277,0.3985605493448231,0.6014394506551769,-0.5084294125492733,-0.9198958491451924
687,0,2008,1124,1345,0.6516275517017247,0.3483724482982753,-1.0544831177902,-0.4282821199963361
688,0,2008,1165,1390,0.7089740845509409,0.29102591544905904,-1.2343429592499653,-0.3439363052323831
689,0,2008,1231,1116,0.44396935825754014,0.5560306417424599,-0.586931875202523,-0.8119997318648825
690,0,2008,1388,1274,0.5176147190531308,0.4823852809468691,-0.7290121461680218,-0.6585240990801234
691,0,2008,1386,1328,0.49895481343880466,0.5010451865611953,-0.6910589892274758,-0.6952397415617527
692,0,2008,1435,1373,0.4629199404149147,0.5370800595850853,-0.6216081088349731,-0.7702011547179974
693,0,2008,1155,1437,0.3507448519125206,0.6492551480874794,-0.43192949918695855,-1.0476962374771432
694,0,2008,1401,1417,0.6809313792568161,0.3190686207431839,-1.1423490872829731,-0.38429374258400434
695,0,2008,1181,1452,0.38098401964115336,0.6190159803588466,-0.47962419021907177,-0.9649978479341492
696,0,2008,1243,1458,0.7269400206485104,0.2730599793514896,-1.298063803344484,-0.3189113073988933
697,0,2008,1345,1462,0.6150405485274024,0.38495945147259764,-0.954617271091379,-0.4860670807841932
698,0,2008,1116,1314,0.7595921267503413,0.2404078732496587,-1.4254183262348339,-0.27497366509200794
699,0,2008,1274,1400,0.6257992193385188,0.3742007806614812,-0.982962778929783,-0.46872569520975244
700,0,2008,1443,1417,0.6002290457141933,0.39977095428580667,-0.9168635101658096,-0.5104439537542681
701,0,2008,1452,1462,0.269531533569054,0.730468466430946,-0.3140692158265369,-1.311069887800569
702,0,2008,1437,1242,0.7422217421763584,0.2577782578236416,-1.3556555294128492,-0.2981072365562536
703,0,2008,1172,1242,0.6650484312442895,0.33495156875571047,-1.0937693284869234,-0.40789541203940016
704,0,2008,1400,1272,0.5132099334128326,0.4867900665871674,-0.7199223236086628,-0.6670702905962692
705,0,2008,1272,1242,0.5219030838116533,0.4780969161883467,-0.7379418135102944,-0.6502733715331096
706,0,2009,1106,1287,0.3997755433930492,0.6002244566069508,-0.510451599376916,-0.9168520308903555
707,0,2009,1151,1163,0.7551660487006608,0.24483395129933921,-1.407175048012247,-0.28081762186076564
708,0,2009,1139,1261,0.5481898569279908,0.4518101430720092,-0.7944932248416536,-0.601133597787378
709,0,2009,1143,1268,0.4644772387376065,0.5355227612623935,-0.6245118853059545,-0.7668427235701842
710,0,2009,1169,1272,0.8756853651487193,0.12431463485128066,-2.0849395492522116,-0.13274842476818935
711,0,2009,1278,1400,0.39242313872440504,0.607576861275595,-0.4982765911522286,-0.9354145858418488
712,0,2009,1140,1401,0.4703102635019676,0.5296897364980324,-0.6354638466850108,-0.7543626669608021
713,0,2009,1228,1443,0.3644927266883823,0.6355072733116177,-0.4533317433959069,-1.0092486819481987
714,0,2009,1428,1112,0.2433381143115566,0.7566618856884434,-0.2788387756681828,-1.4133033858451145
715,0,2009,1448,1156,0.28909252623041704,0.710907473769583,-0.34121299299240654,-1.2410084821431298
716,0,2009,1452,1173,0.2584734917032534,0.7415265082967466,-0.2990443684858388,-1.352962136894417
717,0,2009,1295,1242,0.602603524885633,0.3973964751143671,-0.922820818771984,-0.5064958028413235
718,0,2009,1287,1257,0.7581542001191512,0.2418457998808488,-1.4194549464926471,-0.2768684837925428
719,0,2009,1352,1277,0.45718980755146443,0.5428101924485356,-0.6109955736580438,-0.7826566405045007
720,0,2009,1165,1281,0.721706550697917,0.27829344930208305,-1.2790791489878925,-0.32613666218479126
721,0,2009,1397,1329,0.48428919920787317,0.5157108007921268,-0.6622091342001456,-0.7250730316843876
722,0,2009,1326,1373,0.3677718341003168,0.6322281658996832,-0.45850492799486914,-1.0002925491343797
723,0,2009,1268,1272,0.6340425006533807,0.3659574993466193,-1.0052380743272251,-0.45563929106082085
724,0,2009,1276,1328,0.6620366803481168,0.3379633196518832,-1.084817911128019,-0.4124343161992754
725,0,2009,1113,1393,0.5354557784013951,0.4645442215986048,-0.7666985226793024,-0.6246369725203197
726,0,2009,1345,1163,0.6593471024992021,0.34065289750079786,-1.0768912159985522,-0.4165051722187063
727,0,2009,1272,1281,0.33879558042960767,0.6612044195703923,-0.41369222889185925,-1.0823583610661585
728,0,2009,1462,1338,0.6365298818758303,0.36347011812416974,-1.012058191373438,-0.4517239149133209
729,0,2009,1112,1257,0.6800022635460796,0.31999773645392043,-1.1394413567948816,-0.3856591520732902
730,0,2009,1393,1328,0.39227784840437374,0.6077221515956263,-0.49803748897377753,-0.9357848933196644
731,0,2009,1281,1163,0.6211965048777648,0.37880349512223516,-0.9707376908853383,-0.47610781412754666
732,0,2009,1257,1277,0.31966804836396057,0.6803319516360394,-0.38517443575470417,-1.1404721704697036
733,0,2009,1163,1277,0.3631516903156792,0.6368483096843208,-0.4512237841316907,-1.0129346523471556
734,0,2010,1457,1115,0.39519052826486445,0.6048094717351356,-0.5028417933017209,-0.9283872803367685
735,0,2010,1196,1140,0.6127434406290378,0.38725655937096215,-0.9486678614917172,-0.4898089614389837
736,0,2010,1317,1243,0.7623918761269666,0.2376081238730334,-1.4371325006933384,-0.2712945823560958
737,0,2010,1435,1293,0.4251585418248359,0.5748414581751641,-0.5536610011166472,-0.855293140031839
738,0,2010,1323,1330,0.372363432729517,0.627636567270483,-0.4657939945712777,-0.9878849319302864
739,0,2010,1257,1143,0.4750831050591501,0.5249168949408499,-0.6445153242713068,-0.7442655322316019
740,0,2010,1396,1165,0.2176397310984216,0.7823602689015784,-0.2454399426071958,-1.5249141928989856
741,0,2010,1115,1181,0.7797817678814265,0.22021823211857347,-1.513136260125784,-0.2487411832129616
742,0,2010,1199,1211,0.686704587780346,0.31329541221965396,-1.1606087245411845,-0.37585108246862586
743,0,2010,1364,1326,0.8073280424413974,0.19267195755860259,-1.646766237978096,-0.21402519709947962
744,0,2010,1373,1345,0.6844621746620243,0.31553782533797575,-1.1534767140509026,-0.37912189558763587
745,0,2010,1429,1401,0.2992782560937083,0.7007217439062917,-0.3556444123955395,-1.2063815159650098
746,0,2010,1278,1462,0.4879758510091564,0.5120241489908436,-0.6693834890571686,-0.717489359990419
747,0,2010,1293,1139,0.6181245405958156,0.3818754594041845,-0.9626607460345866,-0.4810653198275753
748,0,2010,1140,1243,0.4107096961211474,0.5892903038788526,-0.5288363408985213,-0.8898686495299908
749,0,2010,1242,1320,0.21446243098569628,0.7855375690143037,-0.24138699427703528,-1.5396207028739093
750,0,2010,1437,1388,0.3959326132714909,0.6040673867285091,-0.5040695198391986,-0.9265112507142957
751,0,2010,1210,1326,0.7319729772712191,0.2680270227287808,-1.3166674724768512,-0.31201168199839746
752,0,2010,1401,1345,0.5530417714271237,0.44695822857287626,-0.8052901371179675,-0.5923217442779231
753,0,2010,1281,1452,0.6486477936464059,0.35135220635359404,-1.045966121717727,-0.4328654004256051
754,0,2010,1462,1243,0.5348373647131226,0.46516263528687746,-0.7653681812390976,-0.6257925694912436
755,0,2010,1165,1246,0.865314364826,0.13468563517399995,-2.004811844355791,-0.14466241052954304
756,0,2010,1449,1452,0.788073441344911,0.211926558655089,-1.5515154857661517,-0.23816399379079498
757,0,2010,1388,1124,0.505639993638008,0.49436000636199195,-0.7044912693914546,-0.6819303379368385
758,0,2010,1320,1277,0.5033211359668777,0.4966788640331224,-0.6998116105563449,-0.6865268713132937
759,0,2010,1452,1181,0.623546316495023,0.37645368350497693,-0.9769602578886732,-0.47233223194575835
760,0,2011,1412,1155,0.48674818416166243,0.5132518158383376,-0.6669886851676038,-0.7200083652726623
761,0,2011,1106,1427,0.5911018478142336,0.4088981521857664,-0.8942891706098498,-0.5257669450964159
762,0,2011,1425,1433,0.5797575549646411,0.4202424450353589,-0.8669234841652762,-0.5451452715133083
763,0,2011,1137,1163,0.6610097144026252,0.33899028559737476,-1.0817838280672212,-0.4139867427140484
764,0,2011,1364,1196,0.777761386255092,0.22223861374490808,-1.5040036376444594,-0.2513355033178649
765,0,2011,1429,1243,0.42901774297284845,0.5709822570271516,-0.5603971433165338,-0.8462570019983077
766,0,2011,1435,1350,0.3294570193459069,0.6705429806540931,-0.3996674759224909,-1.1103093755936848
767,0,2011,1336,1396,0.7372880444317336,0.26271195556826643,-1.3366970729787904,-0.30477662945540407
768,0,2011,1155,1452,0.7171834479668924,0.2828165520331076,-1.2629568175596535,-0.33242361620279076
769,0,2011,1125,1458,0.6725845439893294,0.32741545601067057,-1.116525406818909,-0.39662745943847
770,0,2011,1272,1112,0.5968298890379387,0.4031701109620614,-0.9083966945310893,-0.5161231491785281
771,0,2011,1214,1181,0.719735192704055,0.2802648072959451,-1.2720203824008598,-0.3288719225336325
772,0,2011,1437,1206,0.44442936635585273,0.5555706336441473,-0.5877595247109523,-0.8109641424911497
773,0,2011,1131,1242,0.7576255391400792,0.2423744608599207,-1.4172713898264542,-0.2775660270922918
774,0,2011,1462,1266,0.19717977827411248,0.8028202217258875,-0.21962447338131758,-1.6236393863205454
775,0,2011,1254,1314,0.7186342333387925,0.2813657666612075,-1.2680997953582336,-0.33040276650227546
776,0,2011,1427,1326,0.8143256656529517,0.1856743343470483,-1.6837610304767026,-0.20539491233579021
777,0,2011,1338,1139,0.2581976509758551,0.7418023490241449,-0.2986724472773805,-1.3540298983032522
778,0,2011,1153,1163,0.6052092871614445,0.39479071283855544,-0.9293994954113629,-0.5021809515785333
779,0,2011,1417,1196,0.6640038614129693,0.3359961385870307,-1.0906556113854737,-0.4094673141416346
780,0,2011,1287,1350,0.5237699849427556,0.4762300150572444,-0.7418543165560982,-0.6467026510651623
781,0,2011,1396,1361,0.3998475196324962,0.6001524803675038,-0.5105715221067123,-0.9166720054684547
782,0,2011,1400,1112,0.3260242878588596,0.6739757121411404,-0.3945612041180221,-1.1207833977560742
783,0,2011,1276,1181,0.6906087072137388,0.30939129278626115,-1.1731484834943071,-0.3701818859190221
784,0,2011,1323,1199,0.3227630924331675,0.6772369075668325,-0.3897341299618849,-1.1308366848320675
785,0,2011,1181,1112,0.16575296340376366,0.8342470365962363,-0.18122571353408423,-1.7972567713202496
786,0,2011,1458,1139,0.3505392011168508,0.6494607988831492,-0.43161280053107715,-1.0482827353468052
787,0,2011,1361,1163,0.5696054689110108,0.43039453108898923,-0.843052976792919,-0.5628113176119753
788,0,2011,1140,1196,0.37440628608517146,0.6255937139148285,-0.469054137891626,-0.9824137447622441
789,0,2011,1266,1314,0.7513337929534611,0.2486662070465389,-1.3916438157865096,-0.2859052613114117
790,0,2011,1199,1433,0.4164829733634864,0.5835170266365136,-0.538681647498717,-0.8759096984906056
791,0,2011,1112,1163,0.6153541248740386,0.38464587512596143,-0.9554321728420595,-0.48555736408888517
792,0,2011,1314,1246,0.43321683233397146,0.5667831676660285,-0.5677784687377931,-0.8365169088069104
793,0,2011,1242,1433,0.21434371788965068,0.7856562821103493,-0.24123588231056908,-1.5401743940902775
794,0,2011,1246,1163,0.5571543202397428,0.44284567976025724,-0.8145339223115423,-0.5849130213420888
795,0,2012,1233,1140,0.4626615727300021,0.5373384272699979,-0.6211271645975949,-0.7707594365936701
796,0,2012,1290,1443,0.6787565496943392,0.3212434503056608,-1.1355560311341337,-0.38749275813879736
797,0,2012,1355,1124,0.6416499138915375,0.35835008610846253,-1.026244876250728,-0.44371242949016826
798,0,2012,1424,1160,0.33891415573177375,0.6610858442682263,-0.4138715772629797,-1.0820084315991636
799,0,2012,1452,1211,0.4759169418084729,0.5240830581915271,-0.6461050992230629,-0.7425119319752236
800,0,2012,1163,1235,0.3106085444815584,0.6893914555184416,-0.3719460190602501,-1.1692218590465815
801,0,2012,1443,1246,0.7773621430546767,0.2226378569453234,-1.5022087874606518,-0.2518489586179255
802,0,2012,1172,1257,0.7097192155908693,0.29028078440913074,-1.2369066023258493,-0.3428858581648301
803,0,2012,1161,1293,0.8072443070024683,0.19275569299753173,-1.646331731319709,-0.2141289217037478
804,0,2012,1253,1307,0.623868506031579,0.3761314939684211,-0.9778164787282094,-0.4718156603323668
805,0,2012,1259,1326,0.7332625331662195,0.26673746683378047,-1.3214903745946966,-0.3102514786471019
806,0,2012,1421,1393,0.7017210301708746,0.2982789698291254,-1.2097260900166595,-0.3542193468567991
807,0,2012,1455,1433,0.27058927785106546,0.7294107221489345,-0.31551830075819093,-1.3071531876407387
808,0,2012,1285,1458,0.7112545421399743,0.28874545786002564,-1.2422097476247465,-0.3407249074249412
809,0,2012,1400,1153,0.4312617903527498,0.5687382096472502,-0.5643350392224015,-0.8410399710618918
810,0,2012,1104,1166,0.48487986563047736,0.5151201343695226,-0.6633551349013294,-0.7238541184582735
811,0,2012,1438,1196,0.5388567308103265,0.4611432691896736,-0.7740465051140217,-0.6183055489523995
812,0,2012,1254,1277,0.7327913599647204,0.26720864003527955,-1.3197255023810506,-0.3108942561328809
813,0,2012,1361,1301,0.4902406955202,0.5097593044798,-0.6738166166685562,-0.7128587931368823
814,0,2012,1281,1313,0.21507858230548804,0.784921417694512,-0.24217167105830878,-1.5367518185377043
815,0,2012,1396,1378,0.13928219414409004,0.86071780585591,-0.1499885798958591,-1.9712532301706274
816,0,2012,1272,1387,0.5084122915781861,0.49158770842181393,-0.7101149048131482,-0.6764625629760397
817,0,2012,1160,1124,0.38230591983932993,0.6176940801606701,-0.48176196000652133,-0.9615341535988998
818,0,2012,1433,1231,0.6249301191661096,0.3750698808338904,-0.9806429214821496,-0.4701154448310897
819,0,2012,1235,1246,0.7548035513069324,0.2451964486930676,-1.4056955583321933,-0.28129776053467076
820,0,2012,1293,1266,0.40181779503917103,0.598182204960829,-0.5138598808703023,-0.9117565392814259
821,0,2012,1211,1326,0.590434794214991,0.409565205785009,-0.8926591556789668,-0.5268960741413985
822,0,2012,1243,1393,0.6080940743069327,0.3919059256930673,-0.9367334534696663,-0.49742568150652394
823,0,2012,1199,1153,0.41353111742202775,0.5864688825779723,-0.533635668429173,-0.8830225136085113
824,0,2012,1345,1242,0.7144928034803577,0.28550719651964235,-1.2534880434799653,-0.3361823537688064
825,0,2012,1207,1301,0.27562016767267283,0.7243798323273272,-0.32243939388041226,-1.2887315651880595
826,0,2012,1378,1325,0.5834296923541109,0.4165703076458891,-0.875700025748865,-0.538831327481778
827,0,2012,1250,1462,0.4706171878076145,0.5293828121923855,-0.636043456296494,-0.7537102801777286
828,0,2012,1153,1326,0.6544364965323929,0.3455635034676071,-1.062578851021008,-0.4239807242640353
829,0,2012,1458,1393,0.7457736901237371,0.25422630987626293,-1.369530424889208,-0.29333308924807056
830,0,2012,1301,1242,0.6813366233319473,0.31866337666805267,-1.143619978915574,-0.3836987875732211
831,0,2012,1314,1242,0.39902269968773996,0.60097730031226,-0.5091981150233568,-0.9187369722625608
832,0,2012,1257,1246,0.5786629873676594,0.42133701263234064,-0.8643222604681057,-0.5470350306857765
833,0,2013,1251,1299,0.44747114564524204,0.552528854354758,-0.593249621877426,-0.8041432223511331
834,0,2013,1292,1388,0.536464366232302,0.463535633767698,-0.7688720171736155,-0.622755138069127
835,0,2013,1129,1247,0.38645280013462024,0.6135471998653798,-0.4884980823946547,-0.9507455396679019
836,0,2013,1125,1112,0.5348602466557886,0.4651397533442115,-0.7654173737230688,-0.6257497874144655
837,0,2013,1137,1139,0.4300467597372296,0.5699532402627704,-0.5622009561452839,-0.8438613326317304
838,0,2013,1281,1161,0.5316578549693944,0.4683421450306056,-0.7585561710474316,-0.6317551262939244
839,0,2013,1380,1211,0.703758891299106,0.296241108700894,-1.2165815998071763,-0.3513194654352503
840,0,2013,1299,1257,0.7571895723450031,0.2428104276549969,-1.415474273210787,-0.2781416310769732
841,0,2013,1172,1266,0.5630917653507218,0.4369082346492782,-0.8280320952983192,-0.574312670606291
842,0,2013,1355,1276,0.788329670609473,0.211670329390527,-1.5527252647000571,-0.23783891289635187
843,0,2013,1434,1277,0.5983372211802103,0.4016627788197897,-0.9121424010591666,-0.5136007689547548
844,0,2013,1329,1332,0.31739002302907204,0.682609976970928,-0.3818316264854807,-1.147623904814644
845,0,2013,1308,1387,0.662289617726955,0.3377103822730449,-1.08556660799141,-0.4120523297020179
846,0,2013,1285,1393,0.6575045961826447,0.34249540381735527,-1.0714970408812707,-0.41930352456279507
847,0,2013,1322,1196,0.8129326735801016,0.18706732641989843,-1.6762866925933504,-0.20710698518805465
848,0,2013,1241,1231,0.7704080776183742,0.2295919223816258,-1.4714517964202967,-0.26083493358645116
849,0,2013,1323,1235,0.2763768746874212,0.7236231253125788,-0.32348456727545355,-1.2859898566980115
850,0,2013,1443,1242,0.7655944892185627,0.23440551078143732,-1.4507027113959234,-0.26710263685968133
851,0,2013,1243,1247,0.21450170681371294,0.785498293186287,-0.24143699418979325,-1.5394375834722367
852,0,2013,1334,1274,0.7490502654292168,0.2509497345707832,-1.38250262057937,-0.28894918766433747
853,0,2013,1417,1278,0.6221873589557725,0.37781264104422746,-0.9733568648550402,-0.47451401141452026
854,0,2013,1437,1314,0.7725452512773232,0.22745474872267674,-1.4808039670892044,-0.25806469422057055
855,0,2013,1433,1276,0.46375800901112185,0.5362419909888781,-0.6231697440703171,-0.7683923951047738
856,0,2013,1387,1332,0.3656918401403815,0.6343081598596185,-0.45522038607122567,-1.0059642670634854
857,0,2013,1143,1393,0.644500598079746,0.35549940192025403,-1.0342317121024114,-0.4392795286285451
858,0,2013,1278,1196,0.5634290323065418,0.4365709676934582,-0.8288043334275759,-0.5737138943269746
859,0,2013,1314,1242,0.41234344830552705,0.587656551694473,-0.5316125974915903,-0.8858986645023904
860,0,2013,1228,1274,0.7335672438935993,0.2664327561064007,-1.3226333895173021,-0.30983601021780166
861,0,2013,1235,1326,0.7020539863054289,0.2979460136945711,-1.2108429709873225,-0.3537449743442667
862,0,2013,1274,1266,0.4054216210222712,0.5945783789777288,-0.519902731377063,-0.9028277138203317
863,0,2013,1112,1326,0.5927958051704296,0.4072041948295703,-0.8984405121545576,-0.5229052813234927
864,0,2013,1247,1455,0.738573096577536,0.261426903422464,-1.341600562573569,-0.30303520211533
865,0,2013,1332,1257,0.717605226153097,0.282394773846903,-1.2644492797421425,-0.33183568544202885
866,0,2013,1196,1276,0.3754098593998909,0.6245901406001091,-0.47065961940006207,-0.9797368914562046
867,0,2013,1393,1276,0.3869100989975549,0.6130899010024451,-0.4892436963725737,-0.9495629152706209
868,0,2014,1411,1142,0.18733775846595113,0.8126622415340489,-0.207439702823959,-1.6748420963311783
869,0,2014,1234,1397,0.5675994936790878,0.43240050632091215,-0.8384030222628384,-0.5663392257348999
870,0,2014,1326,1173,0.21473005574616721,0.7852699442538328,-0.241727742281867,-1.5383735943926087
871,0,2014,1153,1217,0.4490720698275329,0.5509279301724671,-0.5961512766191446,-0.8005718922552045
872,0,2014,1264,1257,0.6942289933181965,0.30577100668180346,-1.184918801356147,-0.3649534113470768
873,0,2014,1459,1276,0.7728711957760164,0.2271288042239836,-1.4822380029333875,-0.2576428732879052
874,0,2014,1328,1295,0.42136202947156054,0.5786379705284395,-0.547078263760204,-0.8642628873396757
875,0,2014,1160,1338,0.641396124356266,0.35860387564373397,-1.025536910162497,-0.4441080342167577
876,0,2014,1301,1387,0.5081143265187475,0.49188567348125245,-0.7095089604652107,-0.6770488045218442
877,0,2014,1444,1393,0.6390432978771066,0.3609567021228934,-1.018997266560226,-0.4477830680940129
878,0,2014,1454,1437,0.7608455534365812,0.2391544465634188,-1.430645715830193,-0.27332489383814945
879,0,2014,1304,1124,0.5594074296422684,0.4405925703577316,-0.819634707312284,-0.5808772168540155
880,0,2014,1184,1242,0.7113831377872979,0.2886168622127021,-1.2426552067237533,-0.34054412260602596
881,0,2014,1243,1246,0.6473864741511447,0.3526135258488553,-1.0423826494340394,-0.4348118302767588
882,0,2014,1203,1272,0.4583128594324579,0.5416871405675421,-0.6130666756298873,-0.7802032288765066
883,0,2014,1344,1314,0.6544367871454528,0.3455632128545472,-1.0625796920044428,-0.4239802801980382
884,0,2014,1433,1372,0.4853105898455158,0.5146894101544842,-0.6641916473272347,-0.7229662015736954
885,0,2014,1437,1163,0.33351593681727454,0.6664840631827255,-0.4057390508529638,-1.0980646282096556
886,0,2014,1393,1173,0.2644048135612398,0.7355951864387602,-0.3070753299944794,-1.3302739655680573
887,0,2014,1338,1196,0.6398364015461191,0.3601635984538809,-1.0211969106089647,-0.44654275788963
888,0,2014,1387,1257,0.7400733829323476,0.2599266170676524,-1.347355929851883,-0.30100593157576266
889,0,2014,1217,1277,0.615856861472001,0.384143138527999,-0.956740039267555,-0.4847407101904416
890,0,2014,1295,1361,0.5141412240665825,0.48585877593341753,-0.7218372818086405,-0.6652572962718617
891,0,2014,1332,1458,0.6525878212475922,0.3474121787524078,-1.0572433689317864,-0.42680955689163963
892,0,2014,1211,1112,0.32313713066193983,0.6768628693380602,-0.3902865829563614,-1.1296784927237213
893,0,2014,1314,1235,0.3604896944485837,0.6395103055514163,-0.4470525430791425,-1.020291909493529
894,0,2014,1455,1246,0.4143472011189918,0.5856527988810082,-0.5350281583758066,-0.881051006581405
895,0,2014,1242,1390,0.08649027553133026,0.9135097244686697,-0.09046125793483621,-2.4477232929672037
896,0,2014,1372,1417,0.6430524875175777,0.3569475124824223,-1.0301665318703261,-0.441528928966229
897,0,2014,1361,1112,0.5642790123107577,0.43572098768924233,-0.8307531769724208,-0.5722064471304585
898,0,2014,1124,1458,0.7302652541569807,0.26973474584301926,-1.3103162256809735,-0.31434744898075534
899,0,2014,1235,1163,0.5556188843884038,0.44438111561159616,-0.8110727162428838,-0.587672679499575
900,0,2014,1397,1276,0.6996786017564903,0.3003213982435097,-1.202902050309313,-0.3571341897238077
901,0,2014,1438,1277,0.3348799325438996,0.6651200674561004,-0.40778770205837117,-1.093983221718117
902,0,2014,1277,1163,0.36142703221791395,0.638572967782086,-0.4485193300357381,-1.0176951050105663
903,0,2014,1196,1163,0.26297661960382546,0.7370233803961745,-0.3051356635562664,-1.335690149600879
904,0,2014,1458,1246,0.5385899305027567,0.4614100694972433,-0.7734681096894548,-0.618800794466823
905,0,2014,1246,1163,0.3965270971715169,0.6034729028284831,-0.5050541394882412,-0.9250108993305979
906,0,2015,1264,1214,0.4168320447182301,0.5831679552817699,-0.5392800461591439,-0.8750719087770235
907,0,2015,1140,1279,0.17298841100950302,0.827011588990497,-0.18993657076703366,-1.7545306751125558
908,0,2015,1129,1173,0.469320417146439,0.530679582853561,-0.6335968619939527,-0.756469551595525
909,0,2015,1459,1116,0.6790377466372167,0.3209622533627833,-1.1364317535366033,-0.3870785614557542
910,0,2015,1261,1301,0.6874993165101508,0.3125006834898491,-1.1631486226405554,-0.3746944436089582
911,0,2015,1433,1326,0.6424426867031294,0.3575573132968705,-1.0284596127831347,-0.4424776697665335
912,0,2015,1235,1412,0.19058960123301927,0.8094103987669807,-0.21144919912230634,-1.6576328473142878
913,0,2015,1374,1417,0.2255154002889429,0.7744845997110571,-0.2555575034919741,-1.4893668284070605
914,0,2015,1372,1428,0.6088423054679624,0.3911576945320377,-0.938644489481095,-0.4961959849213093
915,0,2015,1295,1211,0.7975957096359785,0.2024042903640215,-1.5974881443427902,-0.22615343944127966
916,0,2015,1414,1257,0.7271263410791484,0.2728736589208516,-1.2987463787522266,-0.3186550323944479
917,0,2015,1385,1361,0.2672099534209267,0.7327900465790733,-0.3108960484395263,-1.3197205871866198
918,0,2015,1125,1438,0.8342421066954697,0.16575789330453033,-1.7972270293032555,-0.18123162295313733
919,0,2015,1231,1455,0.7070282548894526,0.29297174511054735,-1.2276791076848415,-0.34668464940116306
920,0,2015,1157,1458,0.6928510793375153,0.30714892066248467,-1.1804225654187959,-0.3669401956158432
921,0,2015,1153,1246,0.8480379934670574,0.15196200653294262,-1.884124746400438,-0.16482984057707303
922,0,2015,1437,1301,0.19843847181989926,0.8015615281801007,-0.22119354359057483,-1.617276192546996
923,0,2015,1116,1314,0.8061024608034073,0.19389753919659272,-1.6404254079095113,-0.21554442197002727
924,0,2015,1139,1323,0.5794820385899375,0.4205179614100625,-0.8662680860698052,-0.5456206113506002
925,0,2015,1361,1181,0.7337319160137734,0.26626808398622653,-1.3232516431900045,-0.30961155412136954
926,0,2015,1234,1211,0.750342508969089,0.24965749103091098,-1.3876653363534648,-0.2872254980722756
927,0,2015,1268,1452,0.5338972512045593,0.46610274879544067,-0.7633491781837136,-0.6275518720103977
928,0,2015,1242,1455,0.4135763390106838,0.5864236609893162,-0.5337127796512137,-0.8829131648453019
929,0,2015,1462,1112,0.7227875440421032,0.27721245595789684,-1.2829710777628842,-0.3246399533371465
930,0,2015,1452,1246,0.6141366506724335,0.38586334932756655,-0.9522719894823162,-0.4875378174989483
931,0,2015,1455,1323,0.4804140408724512,0.5195859591275488,-0.6547230170151077,-0.7331069617420336
932,0,2015,1314,1458,0.3263763315108231,0.6736236684891769,-0.3950836793655356,-1.11970417227504
933,0,2015,1417,1211,0.7440653343121484,0.2559346656878516,-1.3628330792315686,-0.2956264330688676
934,0,2015,1301,1257,0.5600106444485762,0.4399893555514239,-0.8210047442910419,-0.5797994874897048
935,0,2015,1323,1246,0.7853611643005715,0.21463883569942852,-1.5387984973137494,-0.24161158509340383
936,0,2015,1112,1458,0.5705721130075346,0.42942788699246537,-0.8453014515557217,-0.56111571449988
937,0,2015,1257,1277,0.40218996803910056,0.5978100319608994,-0.5144822478062292,-0.9108307446719636
938,0,2015,1277,1181,0.7726547950534706,0.22734520494652943,-1.4812856899978457,-0.2579229083377769
939,0,2015,1458,1181,0.6009491415772109,0.3990508584227891,-0.918666405496441,-0.5092449710273066
940,0,2016,1192,1195,0.7070524813437451,0.29294751865625485,-1.2277618032226207,-0.3466503848027225
941,0,2016,1380,1221,0.2517329810990212,0.7482670189009788,-0.28999538756849375,-1.3793863520558145
942,0,2016,1403,1139,0.7544566841644695,0.2455433158355304,-1.4042819080625388,-0.28175741240969915
943,0,2016,1160,1163,0.6688614393875796,0.3311385606124204,-1.1052183790765682,-0.40217835631797855
944,0,2016,1423,1181,0.6463945424873528,0.35360545751264716,-1.0395735141956521,-0.4363452147450627
945,0,2016,1371,1211,0.6026435878854315,0.39735641211456846,-0.9229216375308114,-0.5064293218692659
946,0,2016,1233,1235,0.5108038215963643,0.4891961784036357,-0.7149916871300588,-0.6717696732613634
947,0,2016,1195,1314,0.7941817350584726,0.2058182649415274,-1.5807617085896704,-0.23044295846121163
948,0,2016,1425,1344,0.6263547231114491,0.37364527688855087,-0.9844483891552841,-0.4678384180299397
949,0,2016,1143,1218,0.6550782595844102,0.3449217404155898,-1.0644377270578218,-0.4230005702025431
950,0,2016,1396,1234,0.6526844878110827,0.34731551218891726,-1.057521655130465,-0.42666143980833626
951,0,2016,1355,1268,0.6339227801426228,0.36607721985737723,-1.004910984617722,-0.4558281298451739
952,0,2016,1400,1320,0.46599987681629906,0.5340001231837009,-0.627359209340881,-0.763569909199232
953,0,2016,1167,1328,0.7439662306658974,0.2560337693341026,-1.362445931740788,-0.29575963406907485
954,0,2016,1221,1332,0.7651979505990434,0.23480204940095664,-1.449012462782826,-0.2676207196749272
955,0,2016,1452,1372,0.34133597301284846,0.6586640269871515,-0.417541696961064,-1.074888028644617
956,0,2016,1153,1386,0.3486286627106585,0.6513713372893415,-0.4286753888131404,-1.0537479269278704
957,0,2016,1453,1401,0.6352588695366089,0.3647411304633911,-1.0085674086305096,-0.4537226946021075
958,0,2016,1333,1433,0.7163295754147032,0.28367042458529684,-1.2599421915078766,-0.3336149170689098
959,0,2016,1451,1462,0.7453178400771476,0.2546821599228523,-1.367738942940846,-0.2939445206076593
960,0,2016,1428,1211,0.50720162613122,0.49279837386878,-0.7076551665475327,-0.6788466697695837
961,0,2016,1246,1231,0.46402270750516106,0.5359772924948389,-0.6236634835571812,-0.7678217893646263
962,0,2016,1455,1274,0.5730352216432844,0.4269647783567157,-0.8510537554397314,-0.5568080953200816
963,0,2016,1344,1314,0.8566035184566759,0.14339648154332404,-1.9421418870777118,-0.15478010634178405
964,0,2016,1218,1268,0.7287694310958874,0.2712305689041125,-1.3047860120699475,-0.3163978780764873
965,0,2016,1433,1328,0.6943907918094208,0.3056092081905793,-1.185448090630041,-0.364720376367035
966,0,2016,1386,1332,0.39523891955009616,0.6047610804499038,-0.5029218072953984,-0.9282648373143686
967,0,2016,1320,1401,0.578878160983787,0.421121839016213,-0.864833083329983,-0.5466632536324728
968,0,2016,1462,1458,0.31750506533357137,0.6824949346664286,-0.38200017368473393,-1.1472615069701273
969,0,2016,1268,1242,0.6768321292253919,0.32316787077460807,-1.1295833670087012,-0.39033199955715575
970,0,2016,1401,1328,0.6370076840629746,0.36299231593702536,-1.013373613158897,-0.4509735605895201
971,0,2016,1274,1437,0.69212484032215,0.30787515967784995,-1.1780609038965026,-0.3679889345456966
972,0,2016,1231,1314,0.7811432919589566,0.2188567080410434,-1.519338064496522,-0.24699667355281846
973,0,2016,1458,1323,0.48147557616612935,0.5185244238338707,-0.6567681476314577,-0.730899773503738
974,0,2016,1242,1437,0.3023318185909053,0.6976681814090947,-0.3600116740516665,-1.1962301277210725
975,0,2016,1438,1393,0.366253125906267,0.633746874093733,-0.456105656485385,-1.0044305837896246
976,0,2016,1328,1437,0.7188265193759118,0.2811734806240882,-1.2687834313730935,-0.3301352307968267
977,0,2016,1314,1437,0.404951554206604,0.595048445793396,-0.519112455249552,-0.9039878382735033
