"game_id","seed.distance","def.diff","diff.prob","rpi.diff","top.diff","stlrate.diff","result"
"2002-1104-1194",-13,-6.0493,0.823560648694222,117,0,-0.0229,1
"2002-1112-1364",-11,-0.744200000000006,0.578665844300566,90,0,-0.0033,1
"2002-1231-1428",-7,-5.7235,0.385924933946438,33,0,0.0123,1
"2002-1242-1221",-15,-6.11,0.879632978916323,144,0,-0.0058,1
"2002-1245-1329",3,4.3022,0.231282638628675,10,0,-0.015,1
"2002-1246-1434",-9,-5.6741,0.359505747264507,74,0,-0.036,1
"2002-1281-1274",7,5.57499999999999,-0.121836891609605,-32,0,-0.0212,1
"2002-1326-1172",-9,0.942100000000011,0.656111714410127,35,0,0.000599999999999989,1
"2002-1332-1285",-13,-8.9374,0.878737581599053,51,0,0.0235,1
"2002-1409-1266",7,7.54600000000001,-0.381633833450293,4,0,-0.0165,1
"2002-1448-1337",-3,3.55590000000001,0.158998833023874,9,0,-0.00539999999999999,1
"2002-1461-1211",5,0.318600000000004,-0.457733417158355,-1,0,0.0156,1
"2002-1153-1131",-15,-13.0654,0.930693035605846,74,0,-0.0223,1
"2002-1208-1293",-11,-7.2873,0.747043952079839,14,0,0.0208,1
"2002-1268-1373",-15,-8.1461,0.893030775276483,157,0,0.034,1
"2002-1338-1148",-11,-4.7384,0.736163577777135,96,0,0.000199999999999992,1
"2002-1400-1130",-5,1.75059999999999,0.237731231814689,-5,0,-0.027,1
"2002-1417-1279",-1,1.8874,-0.195322835864624,27,0,-0.0291,1
"2002-1458-1385",-1,3.7222,0.220472354738107,5,0,-0.0481,1
"2002-1245-1104",8,2.324,-0.0296065762664815,-17,0,-0.0079,1
"2002-1332-1448",-5,-4.47190000000001,0.297458344319952,9,0,0.0111,1
"2002-1163-1301",-5,-1.9798,0.0323655768239195,50,0,-0.0101,1
"2002-1328-1462",-5,-3.4149,0.27985821632989,36,0,0.0307,1
"2002-1338-1143",-3,-1.4366,0.183846369192989,26,0,-0.0152,1
"2002-1356-1208",8,-2.26469999999999,-0.327996129708003,-22,0,-0.0223,1
"2002-1231-1181",4,2.172,-0.532521275113954,-18,0,-0.0252,1
"2002-1245-1338",7,4.54629999999999,-0.102781016563345,7,0,-0.00169999999999999,1
"2002-1281-1417",4,2.3468,-0.0530380284258197,-11,0,0.0245,1
"2002-1328-1112",-1,-8.3321,0.165306447645127,19,0,0.0458,1
"2002-1242-1228",-3,-2.2578,0.291336535873929,33,0,0.011,1
"2002-1268-1246",-3,0.428100000000001,0.291480240057407,38,0,0.0063,1
"2002-1332-1400",-4,-3.57259999999999,0.346734722074495,8,0,0.0121,1
"2002-1231-1245",-5,-6.2786,0.177315686019479,18,0,0.0071,1
"2002-1268-1163",-1,-0.0524000000000058,0.394122980156438,25,0,0.0083,1
"2002-1231-1328",3,1.3283,-0.128845050911866,-17,0,-0.0248,1
"2002-1108-1373",0,6.7615,-0.29547231030732,32,0,0.0302,0
"2002-1457-1181",15,12.225,-0.964296548808413,-141,0,-0.0189,0
"2002-1150-1323",1,0.0559000000000083,-0.104322542003831,-53,0,-0.0112,0
"2002-1443-1390",1,-1.97720000000001,-0.215104868066992,-66,0,0.0294,0
"2002-1425-1423",-9,-2.7256,0.46061130318469,46,0,-0.0044,0
"2002-1335-1143",5,2.1002,-0.203321114070043,28,0,-0.0164,0
"2002-1214-1163",13,12.1469,-0.631565151682741,-99,0,0.00960000000000001,0
"2002-1196-1166",-7,-8.80470000000001,0.60135198853454,-23,0,0.0187,0
"2002-1361-1228",9,2.40849999999999,-0.508257234493891,-100,0,-0.0109,0
"2002-1270-1280",11,3.7255,-0.545590035567388,-132,0,0.00270000000000001,0
"2002-1277-1301",3,2.2869,-0.0704662801586904,-14,0,-0.036,0
"2002-1227-1328",13,15.3691,-0.802359713253904,-51,0,-0.0488,0
"2002-1403-1356",-5,2.3095,0.224461934709932,-6,0,5e-04,0
"2002-1218-1462",3,4.6169,-0.208329171424991,-17,0,0.00600000000000001,0
"2002-1461-1112",8,-0.266099999999994,-0.514575276534229,-52,0,0.0125,0
"2002-1323-1181",7,9.5838,-0.680508468952703,-52,0,-0.0198,0
"2002-1423-1231",8,3.9066,-0.477086094239331,-26,0,0.0235,0
"2002-1390-1242",7,5.7723,-0.388262322275527,-54,0,-0.0458,0
"2002-1409-1246",8,6.9564,-0.315617226746867,-10,0,0.0039,0
"2002-1326-1281",-8,-2.36009999999999,0.292645480041606,52,0,-0.0125,0
"2002-1166-1228",8,6.4358,-0.458827336896109,-38,0,0.0125,0
"2002-1458-1268",7,3.90009999999999,-0.598270980934574,-61,0,-0.0206,0
"2002-1280-1400",-3,-7.80789999999999,0.246700225531638,40,0,0.0322,0
"2002-1153-1417",-7,-8.70939999999999,0.664941840756667,67,0,-0.00939999999999999,0
"2002-1356-1163",9,3.0668,-0.324366587707523,-36,0,0.000100000000000003,0
"2002-1281-1328",10,10.4978,-0.498598068022196,-64,0,-0.0264,0
"2002-1332-1242",1,5.3248,-0.243772641835162,-39,0,-0.0169,0
"2002-1242-1268",0,-1.0025,0.002931401800018,13,0,0.00410000000000001,0
"2002-1231-1268",4,-1.62,-0.231315727799883,-19,0,-0.0073,0
"2003-1112-1436",-15,-7.9898,0.851021557368074,146,0,0.00609999999999999,1
"2003-1113-1272",3,3.2355,-0.150261531969893,71,0,-0.0261,1
"2003-1228-1443",-9,-5.13789999999999,0.561595491006445,44,0,0.0025,1
"2003-1323-1454",-7,3.7129,0.243594468858396,27,0,-0.0237,1
"2003-1390-1360",-9,-0.986499999999992,0.295265001452101,92,0,0.00509999999999999,1
"2003-1409-1173",9,-5.6704,-0.248739993293981,17,0,0.0247,1
"2003-1139-1280",7,12.7687,-0.427362660916753,5,0,-0.026,1
"2003-1196-1358",-13,-4.88639999999999,0.792050762527722,21,0,0.00269999999999999,1
"2003-1231-1104",-3,3.19500000000001,-0.0473293202094385,45,0,-0.0321,1
"2003-1246-1237",-15,-13.4352,0.907115428519971,77,0,-0.005,1
"2003-1428-1332",1,-4.06180000000001,0.0214828489406714,110,0,-0.0284,1
"2003-1242-1113",-8,-8.0783,0.490606994713155,54,0,0.0568,1
"2003-1266-1281",-3,2.89659999999999,0.158220460609306,14,0,0.0067,1
"2003-1323-1228",1,8.9615,-0.34413499956828,1,0,-0.00409999999999999,1
"2003-1120-1448",8,-1.6841,-0.40105944625829,-40,0,0.0225,1
"2003-1268-1462",3,-3.06710000000001,-0.0263347861666091,-16,0,0.0641,1
"2003-1338-1231",-5,-11.929,0.640237328315959,54,0,0.0555,1
"2003-1246-1458",-4,-5.369,0.458882574053875,51,0,0.00359999999999999,1
"2003-1266-1338",1,10.0697,-0.378153069274657,3,0,-0.0325,1
"2003-1328-1139",-11,-10.4986,0.450283167095596,43,0,0.00360000000000001,1
"2003-1393-1120",-7,0.470100000000002,0.368938746368127,58,0,0.00119999999999999,1
"2003-1266-1246",2,10.2757,-0.485497046022596,-4,0,-0.0246,1
"2003-1393-1328",2,4.80159999999999,-0.188388103680723,3,0,0.00879999999999999,1
"2003-1400-1277",-6,5.63030000000001,0.276552767507156,62,0,-0.0071,1
"2003-1411-1421",0,-6.45290000000001,0.113512715015088,117,0,-0.00950000000000001,0
"2003-1166-1141",-5,-3.5545,0.26416837146415,20,0,0.02,0
"2003-1301-1143",1,2.64580000000001,-0.0649042960179847,40,0,0.0206,0
"2003-1140-1163",7,-0.307900000000004,-0.0804109811841858,-13,0,0.0256,0
"2003-1161-1181",11,9.9714,-0.687027063141089,-3,0,-0.0402,0
"2003-1153-1211",-1,-5.98609999999999,0.000862904542483334,-23,0,-0.0164,0
"2003-1429-1242",13,11.5644,-0.78713730303747,-43,0,-0.0494,0
"2003-1221-1266",11,-2.7992,-0.431684958458443,-60,0,0.0315,0
"2003-1356-1281",5,4.5458,-0.291785522428332,-31,0,0.0336,0
"2003-1354-1328",15,14.4909,-0.927076851259424,-31,0,0.00219999999999999,0
"2003-1451-1458",7,8.80630000000001,-0.557665140493225,35,0,-0.0104,0
"2003-1386-1120",-3,-5.3951,0.467028533377832,27,0,-0.0057,0
"2003-1122-1257",9,3.3158,-0.731703781624297,-98,0,0.000699999999999992,0
"2003-1423-1268",5,2.79440000000001,-0.206632474640842,-5,0,-0.00340000000000001,0
"2003-1160-1277",3,3.2787,-0.115796546313461,7,0,-0.0096,0
"2003-1335-1329",5,7.35379999999999,-0.0979507662069909,-8,0,-0.0173,0
"2003-1447-1338",13,17.9672,-0.907089580624076,-53,0,-0.014,0
"2003-1261-1345",-1,0.866500000000002,0.285457155195701,-25,0,0.0142,0
"2003-1264-1393",11,-0.0694000000000017,-0.396355396416553,-35,0,0.0114,0
"2003-1421-1400",15,17.6075,-0.953469784176579,-122,0,0.0112,0
"2003-1190-1448",13,4.1503,-0.765434036731953,-47,0,0.0454,0
"2003-1407-1462",11,5.81439999999999,-0.588189869259426,-60,0,0.0517,0
"2003-1211-1112",8,6.7774,-0.557801352023423,-38,0,-0.0176,0
"2003-1390-1163",-1,1.117,-0.175480467089779,20,0,-0.00130000000000001,0
"2003-1141-1181",8,4.4033,-0.527844888218405,-29,0,-0.0183,0
"2003-1143-1328",7,6.11529999999999,-0.440860442331438,-42,0,-0.0139,0
"2003-1409-1458",8,3.15950000000001,-0.478661105738805,-32,0,-0.0029,0
"2003-1257-1139",-8,-6.1173,0.38708080044458,33,0,-0.0024,0
"2003-1428-1246",8,6.8644,-0.694624865588395,-18,0,-0.0344,0
"2003-1196-1277",-5,3.1914,0.280474843927599,42,0,0.0165,0
"2003-1329-1393",3,-5.2383,-0.143424742563693,-8,0,0.0116,0
"2003-1345-1400",8,-5.13460000000001,-0.440268461562873,-38,0,0.015,0
"2003-1323-1112",4,9.08600000000001,-0.425378642949721,-15,0,-0.0108,0
"2003-1181-1242",1,6.0569,-0.195387518342975,8,0,-0.0149,0
"2003-1268-1277",-1,0.0734999999999957,0.106916886405199,5,0,0.0459,0
"2003-1163-1400",4,-2.75230000000001,-0.238580772390218,-37,0,-0.0086,0
"2003-1112-1242",-1,1.95989999999999,0.0120639412420637,15,0,-0.0212,0
"2003-1266-1242",1,8.84949999999999,-0.296303960228622,5,0,-0.0443,0
"2003-1400-1393",-2,2.20060000000001,0.187146793529948,22,0,-0.0283,0
"2003-1242-1393",-1,-6.00919999999999,0.33677075159481,13,0,0.0164,0
"2004-1197-1250",0,4.9568,-0.292361444608629,-135,0,0.00890000000000001,1
"2004-1163-1436",-13,-9.8057,0.876883338927489,-115,0,-0.022,1
"2004-1211-1434",-13,-4.84769999999999,0.859262522700102,112,0,-0.0038,1
"2004-1264-1196",7,-3.12739999999999,-0.364241305410927,78,0,0.0436,1
"2004-1314-1102",-5,-1.70519999999999,0.378041022372514,42,0,-0.0166,1
"2004-1386-1251",-15,-9.02119999999999,0.911521402292626,67,0,0.00990000000000002,1
"2004-1390-1427",-15,-14.4227,0.903237434111504,129,0,-0.0015,1
"2004-1400-1343",-11,-6.1767,0.583305960616409,25,0,-0.0147,1
"2004-1130-1428",-5,-1.44969999999999,0.0826298280225004,38,0,0.0371,1
"2004-1228-1293",-7,-1.20910000000001,0.388743306195632,58,0,-0.000799999999999995,1
"2004-1272-1376",-3,0.246899999999997,0.00171151886895693,121,0,-0.023,1
"2004-1301-1418",-11,-2.91720000000001,0.604350699973582,89,0,-0.025,1
"2004-1334-1344",7,5.42230000000001,-0.471504042497892,-40,0,-0.0465,1
"2004-1338-1416",-11,-8.28450000000001,0.806593046523172,29,0,-0.0352,1
"2004-1435-1444",-5,-3.5089,0.0878172001237301,47,0,-0.0157,1
"2004-1458-1350",-5,1.81989999999999,0.360205103611241,41,0,0.0014,1
"2004-1462-1257",-3,6.32559999999999,-0.0398758553674991,23,0,-0.0115,1
"2004-1104-1390",7,6.70310000000001,-0.306231896804605,-20,0,0,1
"2004-1181-1371",-7,-3.3725,0.579484476717099,46,0,0.0316,1
"2004-1305-1211",8,-1.3348,-0.373969531906911,-130,0,0.0014,1
"2004-1386-1403",-7,-4.0231,0.556391689749204,50,0,0.0158,1
"2004-1393-1268",1,3.4328,-0.167049527535045,31,0,-0.0018,1
"2004-1228-1153",1,4.4198,-0.221128921185618,4,0,-0.00499999999999999,1
"2004-1338-1458",-3,-2.3784,0.240704976002977,15,0,-0.0148,1
"2004-1412-1246",8,2.4658,-0.509738883268894,-36,0,0.0444,1
"2004-1104-1393",3,2.16520000000001,-0.0262947604573326,-3,0,-0.019,1
"2004-1329-1338",-1,4.98270000000001,-0.223986982560596,18,0,0.0163,1
"2004-1462-1400",4,-0.894500000000008,0.0282372590270834,-22,0,0.0068,1
"2004-1163-1104",-6,-6.2282,0.455018855487209,-108,0,-0.00889999999999999,1
"2004-1210-1242",-1,-2.85980000000001,0.318556861950536,138,0,0.0231,1
"2004-1356-1104",1,-1.9795,-0.132055417920985,-87,0,0.0567,0
"2004-1173-1177",3,-4.64689999999999,-0.0846353386650748,11,0,-0.0135,0
"2004-1106-1181",15,12.3716,-0.97168462477879,-46,0,-0.022,0
"2004-1431-1268",9,4.8583,-0.306531184849034,37,0,-0.0166,0
"2004-1277-1305",-3,8.4789,-0.164149158365577,0,0,0.0194,0
"2004-1112-1371",1,8.98190000000001,-0.181975137046144,-17,0,-0.00800000000000001,0
"2004-1140-1393",7,0.755600000000001,-0.0653172130208196,-106,0,-0.0077,0
"2004-1150-1403",1,3.5556,-0.0180943229242628,-56,0,0.00219999999999999,0
"2004-1433-1448",9,-4.6915,-0.555749731136057,-11,0,-0.0222,0
"2004-1190-1153",9,1.23739999999999,-0.586837353017554,-20,0,0.0332,0
"2004-1320-1210",11,6.92660000000001,-0.671497734648917,-33,0,-0.0456,0
"2004-1227-1242",9,1.5017,-0.311987042582998,97,0,0.0173,0
"2004-1197-1246",15,17.9931,-0.955224007979961,-140,0,0.0028,0
"2004-1284-1280",13,7.7114,-0.878052458561223,-37,0,-0.0211,0
"2004-1186-1329",13,7.66459999999999,-0.800259765937747,-45,0,-0.0184,0
"2004-1449-1412",-1,8.9046,-0.20758851378782,-4,0,-0.0628,0
"2004-1177-1163",5,11.5613,-0.601927856149255,104,0,-0.0016,0
"2004-1314-1400",3,0.7393,0.185533636276965,-2,0,0.0302,0
"2004-1264-1448",8,-3.9725,-0.455174132390063,-18,0,0.0161,0
"2004-1130-1210",3,3.60520000000001,-0.409324776799378,-2,0,-0.0141,0
"2004-1334-1242",8,4.8849,-0.431910803190103,0,0,-0.0096,0
"2004-1272-1329",5,2.229,-0.380147104847172,-15,0,-0.00609999999999999,0
"2004-1301-1435",-3,1.07259999999999,0.306203631967552,23,0,-0.0107,0
"2004-1280-1462",-5,-0.767200000000003,0.208512951420258,46,0,0.0278,0
"2004-1435-1163",4,3.4263,-0.365678245910186,125,0,0.0264,0
"2004-1448-1386",3,9.0954,-0.296552692761884,-14,0,-0.0135,0
"2004-1228-1181",4,7.58450000000001,-0.534779776189312,-12,0,-0.0243,0
"2004-1305-1210",7,1.84910000000001,-0.267209319662392,-127,0,-0.0325,0
"2004-1412-1242",5,-2.4145,-0.151043317966565,111,0,0.058,0
"2004-1386-1329",-1,-3.194,0.162066973130175,16,0,0.021,0
"2004-1462-1181",6,2.63800000000001,-0.5061642769834,-36,0,-0.0263,0
"2004-1181-1163",-1,-0.534600000000012,0.229416339443545,158,0,0.0446,0
"2004-1329-1210",-1,2.60250000000001,0.00398783116765383,23,0,-0.0098,0
"2004-1210-1163",1,0.387999999999991,-0.0876830596344378,138,0,0.0375,0
"2005-1130-1335",-9,4.32199999999999,0.326891966103428,58,0,-0.0093,1
"2005-1211-1457",-11,5.05539999999999,0.531178573200257,50,0,-0.0413,1
"2005-1228-1192",-15,-15.3481,0.958527185608432,95,0,0.0164,1
"2005-1334-1338",-1,2.55560000000001,-0.247665296830503,61,0,-0.0231,1
"2005-1412-1261",5,-1.8241,-0.167980389976366,9,0,0.0555,1
"2005-1448-1151",-13,1.8982,0.857680072412186,50,0,0.0181,1
"2005-1163-1416",-13,-15.8668,0.862520925216061,-15,0,-0.021,1
"2005-1210-1203",-7,-5.7931,0.275862707531369,29,0,-0.0213,1
"2005-1314-1324",-15,-16.6688,0.926079549305537,130,0,0.0254,1
"2005-1329-1368",-13,2.93339999999999,0.763158378215286,130,0,-0.043,1
"2005-1356-1388",-3,-4.7325,0.343155366050188,84,0,0.0503,1
"2005-1437-1307",-7,-4.44600000000001,0.373503270909519,5,0,0.0127,1
"2005-1112-1412",-8,-2.3232,0.419159634159083,59,0,-0.044,1
"2005-1246-1153",-5,-3.7914,0.240054274825655,42,0,0.0566,1
"2005-1403-1211",3,-5.11069999999999,-0.212311042616291,-14,0,0.0307,1
"2005-1428-1328",3,0.0447999999999951,-0.0597214891883264,2,0,-0.0354,1
"2005-1452-1448",5,-1.25069999999999,-0.483594586846848,-30,0,0.00510000000000001,1
"2005-1314-1235",-8,1.01350000000001,0.706741697651234,77,0,-0.0093,1
"2005-1458-1137",-8,-2.3158,0.584474358805079,53,0,-0.0417,1
"2005-1112-1329",1,-0.9131,-0.173648621559768,1,0,0.00849999999999999,1
"2005-1228-1454",-11,-6.42230000000001,0.806296181518304,74,0,-0.0015,1
"2005-1452-1403",1,3.7137,0.0194161656973954,7,0,0.0128,1
"2005-1277-1181",4,4.4348,-0.125382507693277,-24,0,-0.0079,1
"2005-1314-1437",-4,-1.78019999999999,0.336909408396273,50,0,0.0033,1
"2005-1257-1452",-3,-5.64190000000001,0.37003786991022,39,0,-0.000400000000000011,1
"2005-1228-1257",-3,-4.83750000000001,0.566140655103735,31,0,-0.00559999999999999,1
"2005-1105-1324",0,-6.7073,-0.491673755119665,120,0,0.0463,0
"2005-1429-1112",11,0.379100000000008,-0.00345851459829288,-120,0,-0.0231,0
"2005-1234-1153",3,1.3922,-0.0502190953758144,-12,0,0.03,0
"2005-1184-1246",13,10.4948,-0.808846633725043,-104,0,-0.034,0
"2005-1400-1305",-1,4.839,0.168516772742605,-47,0,-0.0122,0
"2005-1310-1328",11,16.2616,-0.726509758854381,-13,0,-0.0384,0
"2005-1417-1403",5,0.978499999999997,-0.152065794897169,6,0,-0.0288,0
"2005-1431-1428",5,8.02160000000001,-0.492058591819805,10,0,0.0121,0
"2005-1285-1449",15,3.68870000000001,-0.852903472294323,-101,0,-0.0264,0
"2005-1166-1452",3,0.681399999999996,-0.00241899691543046,-64,0,-0.0171,0
"2005-1104-1454",-7,1.46769999999999,0.394182080961075,16,0,-0.0408,0
"2005-1242-1137",-11,0.266599999999997,0.658376811684167,53,0,-0.0289,0
"2005-1175-1181",15,16.6293,-0.928538683531098,-85,0,0.0178,0
"2005-1325-1196",9,8.69980000000001,-0.681176663062832,-60,0,0.0248,0
"2005-1278-1235",-1,-1.7829,0.105580696025354,13,0,-0.00280000000000002,0
"2005-1418-1257",9,3.50069999999999,-0.528195924689502,-26,0,0.0114,0
"2005-1330-1277",7,-1.2,-0.624294206746717,-11,0,0.0274,0
"2005-1390-1280",-1,0.378199999999993,-0.0841525055492221,1,0,-0.00269999999999999,0
"2005-1150-1301",-3,3.42569999999999,-0.335700009119495,27,0,0.0082,0
"2005-1393-1436",-9,-4.8083,0.441073906233465,-48,0,0.0184,0
"2005-1320-1458",5,7.58919999999999,-0.39725107251893,-31,0,0.00890000000000001,0
"2005-1305-1228",8,3.39320000000001,-0.816754080365809,-38,0,-0.0181,0
"2005-1334-1449",7,0.394200000000012,-0.332940693704796,-32,0,-0.0337,0
"2005-1130-1454",-8,0.754499999999993,0.258622337557577,56,0,-0.0098,0
"2005-1280-1181",8,3.6858,-0.620563049349026,-30,0,-0.024,0
"2005-1210-1257",1,-3.8852,-0.0961288943824964,-12,0,-0.00659999999999999,0
"2005-1436-1277",8,5.1097,-0.574768309234024,63,0,-0.0123,0
"2005-1163-1301",-8,-6.6481,0.229780592338202,59,0,-0.0273,0
"2005-1356-1329",5,-3.8652,-0.34641763112674,-22,0,0.0334,0
"2005-1196-1437",-1,0.128799999999998,0.00712750398801409,16,0,-0.0204,0
"2005-1449-1257",-3,4.64149999999999,-0.0293760051377128,30,0,-0.0125,0
"2005-1428-1246",4,3.73699999999999,-0.103918382585486,-19,0,-0.0381,0
"2005-1301-1458",4,5.6891,-0.07608061633443,-31,0,0.0293,0
"2005-1112-1228",2,6.8755,-0.625965789324931,-4,0,-0.0044,0
"2005-1246-1277",-3,-4.83369999999999,-0.118038576978599,37,0,0.0196,0
"2005-1458-1314",5,0.0305000000000035,-0.485412735880339,-15,0,-0.0461,0
"2005-1277-1314",4,3.4066,-0.25341261849835,-24,0,-0.0139,0
"2005-1228-1314",0,-2.56570000000001,0.20245746210663,14,0,-0.0119,0
"2006-1284-1214",0,-3.6343,0.406832082217084,45,0,0.003,1
"2006-1104-1266",3,3.81750000000001,-0.290543699824719,-106,0,-0.0115,1
"2006-1196-1375",-11,-6.2341,0.5929268168609,85,0,-0.0134,1
"2006-1401-1393",7,-6.5693,0.168061570541292,19,0,0.00289999999999999,1
"2006-1454-1328",5,-3.07639999999999,-0.134152341472375,68,0,-0.0132,1
"2006-1455-1371",-3,0.321200000000005,0.223115251598857,7,0,-0.0213,1
"2006-1112-1458",-1,-0.692999999999998,-0.0181317417474771,3,0,0.0589,1
"2006-1163-1107",-15,-10.8602,0.848089860331042,1,0,-0.0093,1
"2006-1206-1277",5,-6.7889,0.0120957039884722,46,0,0.0181,1
"2006-1246-1412",-1,1.16510000000001,0.181767104286282,-3,0,-0.0662,1
"2006-1301-1143",3,0.292000000000002,0.112477229880666,39,0,0.026,1
"2006-1322-1234",11,13.4377,-0.589573181542087,51,0,0.0253,1
"2006-1338-1245",-7,-5.80759999999999,0.522519011842844,15,0,-0.0214,1
"2006-1400-1335",-13,0.741799999999998,0.724014528219217,81,0,-0.027,1
"2006-1437-1284",-15,-4.41970000000001,0.883474875660008,-8,0,0.0048,1
"2006-1130-1285",-8,-1.4316,0.459513289893007,-25,0,-0.0087,1
"2006-1261-1401",-8,2.1709,0.192612781310977,-10,0,-0.0119,1
"2006-1449-1228",1,5.06269999999999,-0.310559683921863,12,0,0.016,1
"2006-1455-1397",5,-1.09869999999999,-0.198963061402494,17,0,-0.0593,1
"2006-1206-1314",8,-2.34559999999999,-0.301958441493153,50,0,0.0018,1
"2006-1400-1301",-8,-2.9697,0.446957315269082,0,0,0.0136,1
"2006-1400-1452",-4,-3.6909,0.302945366266378,0,0,-0.0035,1
"2006-1417-1211",-1,-11.8659,0.466121837544204,4,0,-0.00560000000000001,1
"2006-1163-1449",-4,-5.0133,0.431343668415405,-16,0,-0.0211,1
"2006-1196-1207",-4,-4.39830000000001,0.210760760425801,32,0,0.0092,1
"2006-1206-1455",4,-4.7341,0.0913486336436209,52,0,0.029,1
"2006-1417-1272",1,1.5869,0.0390605895115212,7,0,-0.0429,1
"2006-1417-1261",-2,-0.965999999999994,0.152822632126882,1,0,-0.0281,1
"2006-1196-1417",1,0.912899999999993,0.021437123698875,51,0,0.0203,1
"2006-1334-1130",9,-1.42399999999999,-0.388457527938342,-75,0,-0.00319999999999999,0
"2006-1380-1181",15,3.44670000000001,-0.907466482151061,1,0,-0.0183,0
"2006-1423-1203",1,-3.3458,0.025505784637201,-74,0,-0.0137,0
"2006-1462-1211",11,-5.142,-0.119465423723836,-15,0,-0.001,0
"2006-1102-1228",9,5.5188,-0.475633848266941,0,0,0.0451,0
"2006-1361-1231",5,6.48780000000001,-0.186579752149486,-42,0,0.0199,0
"2006-1233-1261",9,6.6447,-0.460255131892376,-5,0,-0.0119,0
"2006-1305-1285",-7,-8.8099,0.446072176891309,-24,0,-0.0206,0
"2006-1457-1397",13,-2.81139999999999,-0.492248219602539,8,0,-0.00209999999999999,0
"2006-1125-1417",13,15.606,-0.828310351311669,-14,0,0.0158,0
"2006-1429-1449",7,5.94970000000001,-0.346328103428868,7,0,-0.0315,0
"2006-1242-1133",-9,-3.20100000000001,0.393785954318669,-22,0,0.0129,0
"2006-1116-1137",-1,1.5322,0.234618861736524,22,0,-0.0146,0
"2006-1320-1207",3,-3.57250000000001,-0.20587844622064,-60,0,-0.018,0
"2006-1331-1272",15,10.7006,-0.721122869608626,27,0,-0.0381,0
"2006-1293-1314",11,1.5351,-0.637531576379238,-38,0,0.0133,0
"2006-1172-1326",13,13.3751,-0.753266571917784,13,0,-0.0375,0
"2006-1356-1452",5,-8.9007,-0.150196502631654,-69,0,0.0106,0
"2006-1203-1181",7,0.462999999999994,-0.540267867787373,15,0,-0.0025,0
"2006-1454-1196",8,3.88720000000001,-0.561347661199828,-20,0,-0.0115,0
"2006-1231-1211",3,-10.7416,0.119696365392248,32,0,-0.0029,0
"2006-1104-1417",8,8.1443,-0.578158595169298,-51,0,0.0073,0
"2006-1338-1133",-8,0.3476,0.268699289558528,22,0,-0.0345,0
"2006-1246-1163",7,6.03070000000001,-0.493487942552786,17,0,-0.0021,0
"2006-1326-1207",-5,-4.6375,0.172804688470689,-28,0,-0.000300000000000009,0
"2006-1137-1272",8,2.83659999999999,-0.424046620222932,17,0,0.00259999999999999,0
"2006-1112-1437",7,1.87320000000001,-0.486929649449476,-4,0,0.0223,0
"2006-1322-1452",8,1.26729999999999,-0.51113501327988,0,0,0.000199999999999992,0
"2006-1181-1261",-3,1.7132,0.321650454165807,23,0,0.0124,0
"2006-1133-1272",12,0.715299999999999,-0.286932529772354,28,0,-0.0063,0
"2006-1130-1437",3,7.8048,-0.377286241380582,-30,0,-0.0249,0
"2006-1400-1261",-2,2.2026,0.197507201574026,29,0,0.0021,0
"2006-1437-1196",-2,0.319699999999997,0.0801103256418181,2,0,0.00559999999999999,0
"2006-1163-1206",-10,0.13069999999999,0.45922532533678,-20,0,-0.0183,0
"2006-1206-1196",8,-0.540099999999995,-0.340597938576259,4,0,-0.000800000000000009,0
"2007-1310-1197",0,-0.266199999999998,0.319000986332632,11,0,-0.0039,1
"2007-1139-1330",-7,2.5163,0.256668403080718,91,0,-0.0289,1
"2007-1207-1125",-13,-7.372,0.825335559698552,28,0,-0.0035,1
"2007-1268-1172",-9,-7.21250000000001,0.401467307510411,32,0,0.0035,1
"2007-1326-1148",-15,-13.8471,0.915460520710437,32,0,0.0122,1
"2007-1338-1460",-11,-0.940100000000001,0.595753922643741,109,0,-0.012,1
"2007-1401-1335",-11,-7.6874,0.725123321220754,109,0,-0.0232,1
"2007-1417-1451",-13,-11.7874,0.872974084242817,54,0,0.0164,1
"2007-1450-1331",-11,-5.05160000000001,0.425405235637056,-11,0,0.0141,1
"2007-1196-1238",-15,-15.0804,0.954795846517108,56,0,-0.0135,1
"2007-1242-1310",-15,-20.4352,0.916213391527715,12,0,0.0402,1
"2007-1272-1317",-13,-11.7028,0.86863231584647,96,0,0.0462,1
"2007-1305-1166",-3,6.0551,-0.148141703328149,19,0,-0.0233,1
"2007-1332-1275",-11,0.9315,0.539986342659447,86,0,0.00679999999999999,1
"2007-1345-1112",1,-7.11150000000001,-0.0154667268101139,10,0,0.0335,1
"2007-1397-1253",-7,-8.5095,0.490095074290187,106,0,0.0306,1
"2007-1400-1308",-9,0.262100000000004,0.571664895554987,12,0,0.0068,1
"2007-1424-1210",-3,-2.01689999999999,-0.127464020012939,43,0,-0.0231,1
"2007-1425-1116",-7,3.23719999999999,-0.112163696421002,64,0,-0.0202,1
"2007-1438-1107",-9,-3.12009999999999,0.3687318003724,30,0,-0.0247,1
"2007-1439-1228",-7,6.5612,-0.0355057269264922,9,0,0.0323,1
"2007-1139-1268",1,6.92750000000001,-0.150299385050698,16,0,-0.0117,1
"2007-1326-1462",-8,-8.5538,0.534038869783338,33,0,0.0198,1
"2007-1242-1246",-7,-7.3052,0.390424883275072,14,0,0.0446,1
"2007-1272-1305",-5,-10.65,0.433004541590822,9,0,0.0537,1
"2007-1356-1439",-1,-6.1557,0.208567229432966,26,0,-0.021,1
"2007-1397-1438",1,-1.5609,0.160890647952241,40,0,0.0647,1
"2007-1425-1400",1,-3.15650000000001,-0.305422340254721,11,0,-0.0235,1
"2007-1242-1356",-3,-1.93170000000001,0.394259418959403,35,0,0.0261,1
"2007-1417-1338",-1,-2.7512,0.0635253056691145,-10,0,0.0311,1
"2007-1196-1139",-4,-4.54730000000001,0.401277941501273,10,0,0.0092,1
"2007-1314-1425",-4,-5.87479999999999,0.674778816477853,3,0,0.0292,1
"2007-1332-1424",-4,1.70059999999999,0.203450338119516,10,0,-0.0149,1
"2007-1417-1242",1,4.50620000000001,-0.248448780300406,4,0,-0.0177,1
"2007-1196-1332",-2,-4.8117,0.39515797626683,7,0,-0.00319999999999999,1
"2007-1207-1314",1,1.9723,-0.0988649771893912,9,0,-0.0235,1
"2007-1403-1130",3,-1.8661,-0.154273428452268,101,0,0.0151,0
"2007-1211-1231",3,3.65450000000001,-0.245028345947903,-9,0,-0.0146,0
"2007-1390-1257",5,3.4533,-0.392878100494245,-46,0,-0.0431,0
"2007-1266-1277",-1,3.0868,-0.0958004986174052,-26,0,0.0417,0
"2007-1184-1314",15,12.53,-0.933966533196905,-10,0,0.0141,0
"2007-1181-1433",-5,-10.0973,0.39068518252763,-59,0,-0.012,0
"2007-1203-1435",5,-5.04430000000001,-0.200121259831492,-57,0,0.0294,0
"2007-1140-1462",-1,1.61799999999999,-0.109577478548952,-24,0,-0.0015,0
"2007-1437-1246",1,-1.71719999999999,-0.00871477376843882,-91,0,0.0335,0
"2007-1221-1356",9,3.8428,-0.497156917719814,-30,0,0.0458,0
"2007-1323-1457",-5,0.800399999999996,0.221207174254524,-46,0,0.0114,0
"2007-1394-1458",13,15.4513,-0.735405334746263,72,0,0.0193,0
"2007-1130-1207",5,8.33879999999999,-0.618153513627705,-67,0,-0.000699999999999992,0
"2007-1277-1314",8,1.0231,-0.487359470253508,14,0,-0.0257,0
"2007-1433-1338",8,5.9295,-0.384944396658994,4,0,0.0391,0
"2007-1257-1401",3,0.202799999999996,-0.293018758300194,-19,0,0.0123,0
"2007-1231-1417",5,3.97359999999999,-0.201569532656223,16,0,-0.013,0
"2007-1450-1435",-3,-7.8546,0.2374951757595,8,0,-0.0015,0
"2007-1345-1196",8,-0.0304000000000002,-0.501713077493985,18,0,0.0205,0
"2007-1457-1332",8,0.3185,-0.209668073250092,62,0,0.00670000000000001,0
"2007-1458-1424",-5,-6.4358,0.498877923589253,-101,0,-0.0294,0
"2007-1401-1272",1,2.24339999999999,0.0677224338510047,21,0,-0.0324,0
"2007-1397-1326",4,6.73939999999999,-0.601015383014359,4,0,0.0259,0
"2007-1435-1207",4,8.0646,-0.641748014203986,-2,0,0.0205,0
"2007-1272-1326",1,0.595399999999998,-0.228521354779546,0,0,0.0277,0
"2007-1417-1196",1,-0.748499999999993,-0.21549148446075,21,0,0.0145,0
"2007-1207-1326",1,2.7726,-0.0739946543450738,-10,0,-0.0177,0
"2007-1326-1196",0,-3.00949999999999,0.098847379802143,36,0,0.0055,0
"2008-1181-1125",-13,-13.7004,0.831671378444422,4,0,0.0011,1
"2008-1243-1425",5,3.0211,-0.00452849906374514,-7,0,0.0184,1
"2008-1266-1246",-5,-4.6499,0.55151047196568,114,0,0.0326,1
"2008-1323-1206",-7,-2.26050000000001,0.393481627922712,59,0,0.000100000000000003,1
"2008-1338-1331",-9,4.3147,0.331721076971193,24,0,0.0045,1
"2008-1401-1140",1,1.94369999999999,0.109108482152372,21,0,-0.0168,1
"2008-1417-1290",-15,-14.9394,0.976212366423806,43,0,0.0244,1
"2008-1424-1245",-1,4.26360000000001,-0.0872033728810962,14,0,-0.0133,1
"2008-1450-1457",-9,1.85760000000001,0.658297276242899,61,0,-0.0246,1
"2008-1452-1112",-3,-2.3646,-0.0758497802141101,13,0,0.0183,1
"2008-1458-1168",-11,-16.3451,0.781015355116004,99,0,-0.0236,1
"2008-1462-1208",-11,-2.0818,0.612617042776894,4,0,-0.0118,1
"2008-1139-1375",-3,-4.00789999999999,0.346542441609826,40,0,0.016,1
"2008-1172-1211",3,-3.10770000000001,0.201416645432108,50,0,-0.0047,1
"2008-1207-1420",-13,-17.4072,0.778522373257322,68,0,0.0162,1
"2008-1257-1129",-11,-14.3721,0.772055289121708,3,0,0.0371,1
"2008-1272-1426",-15,-16.7807,0.926713447430894,37,0,0.0322,1
"2008-1280-1332",-1,-10.7993,-0.0299453805504777,78,0,0.016,1
"2008-1314-1291",-15,-5.08150000000001,0.87789445992492,-36,0,-0.000900000000000012,1
"2008-1360-1163",9,-1.11840000000001,-0.582906337881787,1,0,0.0244,1
"2008-1397-1110",-13,-8.85799999999999,0.729955210862408,78,0,0.0526,1
"2008-1400-1122",-13,-7.8694,0.847314903540624,-16,0,-0.0515,1
"2008-1443-1179",7,-1.9089,-0.365881920908737,23,0,-0.00219999999999999,1
"2008-1242-1424",-7,-7.846,0.772977678715204,-48,0,0.0123,1
"2008-1277-1338",1,-3.2064,0.110311666864316,-16,0,-0.00900000000000001,1
"2008-1390-1266",-3,-1.44659999999999,0.136168462880298,5,0,-0.0649,1
"2008-1450-1323",-1,-4.29289999999999,0.216535264853997,27,0,0.0166,1
"2008-1172-1207",8,2.06,-0.120862395077577,4,0,-0.0025,1
"2008-1257-1328",-3,-4.7364,0.433682876428109,35,0,0.0204,1
"2008-1272-1280",-7,-5.82310000000001,0.638021929032569,3,0,0.0359,1
"2008-1397-1139",-5,0.396900000000002,0.113814277384485,-7,0,0.0194,1
"2008-1437-1373",-1,-3.85590000000001,0.250067026714145,-43,0,-0.0161,1
"2008-1443-1360",-1,0.219400000000007,0.47286446101903,53,0,0.0048,1
"2008-1257-1397",1,-7.16460000000001,0.122535516954288,6,0,-0.0068,1
"2008-1314-1450",-3,-0.28670000000001,0.245491892345624,-19,0,0.0029,1
"2008-1172-1458",7,5.1159,-0.29958908240715,8,0,0.0081,1
"2008-1272-1277",-4,-8.4577,0.468053620521944,47,0,0.0299,1
"2008-1400-1390",-1,4.58609999999999,0.0664285274172599,-45,0,0.021,1
"2008-1314-1257",-2,4.2332,0.186315166826554,8,0,-0.0123,1
"2008-1417-1462",-2,-4.82170000000001,0.4209406545128,26,0,0.027,1
"2008-1242-1314",0,-3.44839999999999,0.305794859507054,-54,0,0.023,1
"2008-1272-1417",0,-3.4791,0.0185165351253782,17,0,0.00750000000000001,1
"2008-1164-1291",0,5.9624,-0.581880609310922,5,0,-0.00180000000000001,0
"2008-1340-1242",15,12.4553,-0.896226645709746,101,0,-0.0289,0
"2008-1396-1277",7,4.95740000000001,-0.351384001567943,-9,0,0.0049,0
"2008-1124-1345",5,8.5003,-0.223234909151952,-13,0,-0.0228,0
"2008-1165-1390",11,14.222,-0.728805107955015,-20,0,0.0192,0
"2008-1231-1116",-1,-0.555500000000009,0.231406512141374,-51,0,0.0057,0
"2008-1388-1274",3,-3.46719999999999,0.0506009054442259,-6,0,0.0177,0
"2008-1386-1328",5,6.0706,-0.0309785376787442,-28,0,0.01,0
"2008-1435-1373",-9,-0.390699999999995,0.246282873299249,-36,0,-0.0495,0
"2008-1155-1437",-7,-3.3604,0.437645663457469,45,0,0.0176,0
"2008-1401-1417",8,3.1383,-0.508275507246122,-17,0,-0.0444,0
"2008-1181-1452",-5,-3.85210000000001,0.448988745694662,33,0,0.0136,0
"2008-1243-1458",8,7.93000000000001,-0.46668540020832,27,0,0.00609999999999999,0
"2008-1345-1462",3,-2.7111,-0.0753002518175546,14,0,0.0389,0
"2008-1116-1314",8,2.35650000000001,-0.600493071509072,34,0,-0.00839999999999999,0
"2008-1274-1400",5,2.5274,-0.51497225681537,68,0,-0.0052,0
"2008-1443-1417",11,6.55710000000001,-0.634683773552783,25,0,-0.00169999999999999,0
"2008-1452-1462",4,0.537999999999997,-0.189347653359216,16,0,0.0179,0
"2008-1437-1242",11,5.69579999999999,-0.789912244692703,51,0,-0.0132,0
"2008-1172-1242",9,2.69199999999999,-0.517576239668239,80,0,-0.0238,0
"2008-1400-1272",1,9.2958,-0.250050437888568,-51,0,-0.0312,0
"2008-1272-1242",0,-3.93560000000001,-0.180673953016359,97,0,-0.0101,0
"2009-1181-1127",-13,-6.66500000000001,0.846537535925489,3,0,0.0154,1
"2009-1211-1103",-9,-2.2492,0.71245048220493,-78,0,-0.0073,1
"2009-1276-1155",3,-0.0266999999999911,-0.265430464828701,50,0,-0.032,1
"2009-1314-1347",-15,-5.8539,0.887523882604555,38,0,0.0255,1
"2009-1328-1288",-13,-1.91680000000001,0.775080012125721,28,0,0.001,1
"2009-1345-1320",-7,-9.4783,0.531531450940864,4,0,0.0384,1
"2009-1417-1433",-5,0.211699999999993,0.468588717261384,73,0,0.0068,1
"2009-1437-1110",-11,-6.4495,0.672841440220139,59,0,0.0242,1
"2009-1449-1280",-9,-4.55540000000001,0.477606997281942,16,0,0.00120000000000001,1
"2009-1113-1396",-5,0.297199999999989,0.361949031837582,15,0,0.0083,1
"2009-1266-1429",-5,-5.53620000000001,0.363239850730109,14,0,0.0352,1
"2009-1338-1190",-15,-7.188,0.829374591683125,95,0,-0.0112,1
"2009-1393-1372",-11,5.82300000000001,0.614803987709855,72,0,0.0133,1
"2009-1425-1130",3,-8.1097,0.281397376981756,100,0,0.0087,1
"2009-1458-1199",7,5.82140000000001,0.0323858123989603,13,0,-0.036,1
"2009-1462-1340",-9,-11.8106,0.651012600446477,85,0,-0.0347,1
"2009-1163-1401",-8,-10.2819,0.590557279105631,11,0,0.0103,1
"2009-1181-1400",-5,0.765900000000002,0.347350605960705,1,0,0.0292,1
"2009-1211-1443",-8,-8.9631,0.690537369637368,-51,0,0.0209,1
"2009-1314-1261",-7,-0.887299999999996,0.601367302293848,-36,0,0,1
"2009-1345-1449",1,-1.2169,0.00620760730916969,0,0,0.00949999999999999,1
"2009-1437-1417",-3,-3.4337,-0.0984019912085894,-3,0,-0.0073,1
"2009-1112-1156",-1,8.08409999999999,0.166437175837994,12,0,-0.0377,1
"2009-1242-1173",-8,-1.5171,0.567747323753394,41,0,0.00410000000000001,1
"2009-1257-1373",-8,-12.6854,0.582085116618277,-31,0,0.0092,1
"2009-1277-1425",-8,-1.89409999999999,0.26164861635042,-1,0,0.000300000000000009,1
"2009-1281-1266",-3,-4.74289999999999,0.0924219987283969,37,0,0.0245,1
"2009-1338-1329",-7,-3.90899999999999,0.526095226366491,34,0,-0.0019,1
"2009-1462-1458",-8,-3.38130000000001,0.0675375385314969,18,0,-0.00369999999999999,1
"2009-1437-1181",1,-2.0651,-0.136767993518777,-19,0,-0.0074,1
"2009-1277-1242",-1,-1.80499999999999,0.023910171723307,32,0,-0.0043,1
"2009-1314-1211",-3,2.5652,0.154809573102878,50,0,0.00430000000000001,1
"2009-1437-1338",2,-0.781500000000008,-0.328729522378183,-20,0,0.0102,1
"2009-1314-1328",-1,-0.230199999999996,0.266758831404574,-40,0,0.0106,1
"2009-1314-1437",-2,3.08320000000001,0.290173152869185,-3,0,-0.00249999999999999,1
"2009-1314-1277",-1,4.7555,0.246771823184057,-33,0,0.0127,1
"2009-1106-1287",0,1.4097,-0.112998686856577,-13,0,-0.0079,0
"2009-1151-1163",15,20.269,-0.922903757924686,6,0,0,0
"2009-1139-1261",1,-2.121,0.0977840712870106,16,0,-0.0166,0
"2009-1143-1268",-3,4.21570000000001,0.165531745113928,-101,0,-0.0386,0
"2009-1169-1272",13,14.2524,-0.887645721528798,-70,0,-0.0074,0
"2009-1278-1400",3,-2.1426,-0.0906551319710486,-1,0,0.038,0
"2009-1140-1401",-1,-4.27340000000001,0.324814332150836,-15,0,0.0319,0
"2009-1228-1443",-7,-14.1267,0.518454307629377,-9,0,0.00679999999999999,0
"2009-1428-1112",-7,-9.3699,0.167988886112165,-8,0,-0.018,0
"2009-1448-1156",-9,-1.1893,0.371387648267537,-42,0,-0.0221,0
"2009-1452-1173",-5,-3.2051,0.643405166708727,48,0,0.0029,0
"2009-1295-1242",11,9.6228,-0.515652329464656,-19,0,-0.00270000000000001,0
"2009-1287-1257",15,15.5845,-0.859569013655201,53,0,-0.037,0
"2009-1352-1277",13,7.89579999999999,-0.789136591652752,5,0,0.0297,0
"2009-1165-1281",11,10.0912,-0.727116780233008,-13,0,-0.038,0
"2009-1397-1329",1,1.6828,-0.0709628953307876,54,0,-0.0125,0
"2009-1326-1373",-1,-0.703699999999998,0.189036884684923,-4,0,-0.0279,0
"2009-1268-1272",8,13.9894,-0.742888579771464,39,0,-0.0192,0
"2009-1276-1328",8,1.93690000000001,-0.384024971958289,-20,0,0.000100000000000003,0
"2009-1113-1393",3,-0.962100000000007,-0.00950549865260403,-9,0,-0.0083,0
"2009-1345-1163",4,2.2227,-0.28347625441617,-30,0,0.0245,0
"2009-1272-1281",-1,-10.6712,0.469494470165247,-14,0,-0.0081,0
"2009-1462-1338",3,-0.664200000000008,-0.446865271191696,7,0,-0.024,0
"2009-1112-1257",11,15.5232,-0.475245760032808,52,0,-0.0357,0
"2009-1393-1328",1,0.679100000000005,-0.0144168188608613,-9,0,0.0021,0
"2009-1281-1163",2,4.25880000000001,-0.265005738053855,12,0,0.055,0
"2009-1257-1277",-1,-4.81750000000001,0.147023490623847,-31,0,0.033,0
"2009-1163-1277",-1,-3.05930000000001,0.262286654998816,19,0,-0.0154,0
"2010-1124-1358",-11,-7.42319999999999,0.678851119194308,13,0,-0.0093,1
"2010-1139-1431",-7,-0.209299999999999,0.157118588626838,18,0,-0.0142,1
"2010-1242-1250",-15,-16.7204,0.939618794766044,12,0,0.0317,1
"2010-1246-1190",-15,-6.9868,0.810584849191789,48,0,-0.017,1
"2010-1307-1285",-11,-0.652000000000001,0.425400008985288,59,0,-0.00309999999999999,1
"2010-1320-1424",1,-3.8379,0.16917506334788,104,0,-0.0175,1
"2010-1325-1207",11,4.88669999999999,-0.652587077155321,37,0,0.0018,1
"2010-1388-1350",3,4.0728,0.0881614271244335,20,0,-0.0506,1
"2010-1397-1361",-5,-4.0462,-0.0275704158466423,12,0,-5e-04,1
"2010-1437-1352",-13,-3.90940000000001,0.823467264692253,24,0,-0.00439999999999999,1
"2010-1448-1400",1,-1.83410000000001,-0.253308125765013,-18,0,-0.0073,1
"2010-1449-1266",5,0.923699999999997,-0.173675699963639,41,0,-0.0205,1
"2010-1210-1329",3,-3.98519999999999,0.0784233077083259,18,0,0.0173,1
"2010-1268-1222",-9,-7.01989999999999,0.59530441509876,43,0,-0.0209,1
"2010-1277-1308",-7,-12.5497,0.565790308733348,-12,0,0.0148,1
"2010-1281-1155",3,0.453900000000004,-0.0516021018074058,77,0,0.0176,1
"2010-1338-1324",-11,-10.9403,0.650928445059688,23,0,-0.0108,1
"2010-1393-1436",-15,-8.054,0.810721877692758,36,0,0.0347,1
"2010-1452-1288",-13,-9.62950000000001,0.831536695890429,70,0,-0.00649999999999999,1
"2010-1458-1459",-9,-1.8824,0.59428172909367,56,0,-0.00990000000000001,1
"2010-1124-1330",-8,4.1267,0.279346141845503,21,0,-0.028,1
"2010-1246-1448",-8,-3.0158,0.515571329728443,21,0,0.00509999999999999,1
"2010-1397-1325",-8,-8.51989999999999,0.404810269785653,-8,0,0.005,1
"2010-1449-1307",8,-2.7539,-0.0185644550164273,0,0,0.00359999999999999,1
"2010-1165-1458",8,10.6579,-0.537170021872435,-20,0,0.0137,1
"2010-1181-1143",-7,-9.85599999999999,0.506999891072441,-14,0,0.0171,1
"2010-1277-1268",1,-3.72150000000001,-0.132439056101929,-17,0,-0.0109,1
"2010-1393-1211",-7,-4.3203,0.485275293590653,31,0,0.0431,1
"2010-1462-1338",3,2.9734,0.0282003668141517,23,0,0.0116,1
"2010-1139-1393",4,-2.26049999999999,-0.239443386125476,38,0,-0.0262,1
"2010-1181-1345",-3,0.44680000000001,0.436419875278403,14,0,-0.0055,1
"2010-1397-1326",4,-2.7775,-0.421835219111865,-38,0,0.003,1
"2010-1139-1243",3,-1.88379999999999,-0.177503289739476,24,0,0.00549999999999999,1
"2010-1452-1246",1,3.16079999999999,0.00623592752148716,20,0,-0.0177,1
"2010-1181-1124",-2,-6.4019,0.354323563347677,-28,0,0.0034,1
"2010-1277-1397",-1,2.0731,0.138491806142353,52,0,-0.0129,1
"2010-1139-1277",0,-2.32339999999999,0.09160451806721,44,0,0.0106,1
"2010-1181-1139",-4,-0.422499999999999,0.443234763280155,-28,0,-0.0097,1
"2010-1457-1115",0,-3.20050000000001,0.244399374277794,19,0,0.0287,0
"2010-1196-1140",3,4.12190000000001,-0.431345054070926,102,0,-0.014,0
"2010-1317-1243",13,10.9054,-0.85780657018078,-80,0,-0.0412,0
"2010-1435-1293",-9,3.0692,0.0408682219198815,-27,0,-0.0508,0
"2010-1323-1330",-5,8.3762,0.0670271296809355,-64,0,-0.0385,0
"2010-1257-1143",1,-0.922399999999996,-0.176289607638274,0,0,0.0307,0
"2010-1396-1165",-7,-15.4953,0.47553519078299,26,0,-0.0334,0
"2010-1115-1181",15,7.4425,-0.960867623452148,41,0,-0.001,0
"2010-1199-1211",1,-9.21680000000001,0.142317533481208,10,0,0.0304,0
"2010-1364-1326",13,4.20599999999999,-0.830799212646799,5,0,-0.0116,0
"2010-1373-1345",9,5.8267,-0.293530745735781,-28,0,0.0183,0
"2010-1429-1401",7,3.60419999999999,-0.0333618775110677,-6,0,-0.0274,0
"2010-1278-1462",5,-0.760599999999997,-0.0920941149731509,-4,0,0.024,0
"2010-1293-1139",8,4.2727,-0.304908871097042,11,0,0.023,0
"2010-1140-1243",5,2.40519999999999,-0.0689092459504838,-88,0,0.0159,0
"2010-1242-1320",-8,-0.452500000000001,0.593137468297365,5,0,0.0233,0
"2010-1437-1388",-8,-1.0535,0.19028914175723,0,0,0.0343,0
"2010-1210-1326",8,-1.2145,-0.366501966020927,14,0,0.0028,0
"2010-1401-1345",1,3.04220000000001,-0.0504056841281494,36,0,-0.00609999999999999,0
"2010-1281-1452",8,-1.24719999999999,-0.344304813644048,-8,0,0.066,0
"2010-1462-1243",4,4.3755,-0.256611745505008,8,0,-0.0111,0
"2010-1165-1246",11,12.3581,-0.554995196458851,0,0,0.0044,0
"2010-1449-1452",9,2.31480000000001,-0.432600375758083,11,0,0.0143,0
"2010-1388-1124",7,1.8008,-0.257554759106461,-6,0,-0.0227,0
"2010-1320-1277",4,-2.7045,0.00587871319066779,42,0,-0.0029,0
"2010-1452-1181",1,3.63149999999999,-0.277847256324735,33,0,-0.0137,0
"2011-1421-1114",0,-6.32980000000001,0.355233869576314,23,0,0.038,1
"2011-1139-1330",-1,2.76009999999999,-0.0534404032070602,-78,0,-0.0235,1
"2011-1140-1459",-11,-8.17959999999999,0.647322492241977,-69,0,0.0125,1
"2011-1153-1281",-5,-6.1739,0.195078808664547,67,-1,-0.0166,1
"2011-1211-1385",5,0.749799999999993,-0.0628803370365949,-2,1,-0.0158,1
"2011-1246-1343",-9,-3.12450000000001,0.648309067814836,34,1,-0.00760000000000001,1
"2011-1287-1257",9,8.44629999999999,-0.654324025724759,23,-1,-0.00409999999999999,1
"2011-1338-1421",-15,-5.1168,0.841686789860038,-14,1,-0.0505,1
"2011-1361-1294",-13,-12.7953,0.810047624324094,-32,0,0.0104,1
"2011-1417-1277",-3,-0.2654,-0.0528009857830397,-9,0,-0.0156,1
"2011-1199-1401",3,-5.56610000000001,-0.0186958725785676,34,-1,0.0209,1
"2011-1228-1424",1,0.766100000000009,0.0108376122095493,46,0,-0.0372,1
"2011-1276-1397",-1,0.985100000000003,0.105539268301776,-2,0,-0.0317,1
"2011-1323-1103",-13,-1.16619999999999,0.777711657544194,-18,1,-0.0234,1
"2011-1345-1389",-11,1.0633,0.751983076570823,25,1,-0.0238,1
"2011-1393-1232",-11,-4.0307,0.697579454267408,32,1,0.0386,1
"2011-1400-1324",-9,-13.9984,0.633766274806496,16,1,-0.00130000000000001,1
"2011-1433-1207",5,5.50660000000001,-0.418541614804292,41,0,0.0315,1
"2011-1449-1208",-3,0.0923999999999978,0.358291923162896,94,1,-0.0045,1
"2011-1140-1211",-8,0.653100000000009,0.338845747842667,-67,-1,0.0081,1
"2011-1246-1452",-1,-0.295700000000011,0.26640259828433,6,1,0.0107,1
"2011-1458-1243",-1,4.57600000000001,0.326652707728418,3,1,-0.0257,1
"2011-1242-1228",-8,-0.493600000000001,0.428174899650496,-27,1,0.0278,1
"2011-1266-1393",8,5.4173,-0.200284315969957,0,0,-0.0258,1
"2011-1314-1449",-5,-4.95450000000001,0.0997273548586085,24,0,-0.0069,1
"2011-1326-1206",-7,-2.65770000000001,0.580605261910458,-11,0,0.00939999999999999,1
"2011-1433-1345",8,9.7371,-0.665303810772043,-28,-1,0.0303,1
"2011-1242-1350",-11,-2.9644,0.536657569920852,-22,1,0.0176,1
"2011-1246-1326",3,0.197299999999998,-0.314797511489835,40,1,-0.0271,1
"2011-1139-1196",6,2.26600000000001,-0.280447906438756,-74,-1,-0.00180000000000001,1
"2011-1139-1433",-3,-3.5616,0.270201014677717,-34,0,-0.0344,1
"2011-1163-1139",-5,-3.6657,0.372618415841358,66,1,0.0053,1
"2011-1412-1155",0,4.76649999999999,-0.272891347757667,16,0,-0.0397,0
"2011-1106-1427",0,-1.7139,-0.380972493506803,-12,0,0.0109,0
"2011-1425-1433",0,-6.9354,0.253909452630518,63,0,-0.0334,0
"2011-1137-1163",11,3.2731,-0.602954148735682,-72,0,-0.0238,0
"2011-1364-1196",13,3.5086,-0.672347861688702,-35,-1,0.0181,0
"2011-1429-1243",7,-2.336,0.188741813180391,-55,0,-0.0145,0
"2011-1435-1350",-7,3.8985,-0.010308217765307,1,1,-0.0179,0
"2011-1336-1396",3,3.7016,-0.149397076929843,-12,0,-0.0286,0
"2011-1155-1452",7,-2.896,-0.0546538607630782,13,0,0.0489,0
"2011-1125-1458",9,-3.5226,-0.270555713609024,12,-1,0.0766,0
"2011-1272-1112",7,-2.1617,-0.472284962825842,55,1,0.0446,0
"2011-1214-1181",15,6.12610000000001,-0.925160243888973,-4,-1,0.0011,0
"2011-1437-1206",1,2.1001,-0.0826381907098619,-18,0,-0.0058,0
"2011-1131-1242",15,9.2366,-0.888095724498678,27,-1,-0.0254,0
"2011-1462-1266",-5,-1.8587,-0.0130392190936858,-61,0,-0.0224,0
"2011-1254-1314",13,12.7201,-0.661041775906451,-18,-1,0.0135,0
"2011-1427-1326",15,12.7604,-0.94941166286294,55,0,-0.0123,0
"2011-1338-1139",-7,-5.1922,0.566424285806492,77,1,-0.0157,0
"2011-1153-1163",3,-2.90940000000001,-0.113871549780932,1,-1,0.0203,0
"2011-1417-1196",5,-1.4502,-0.333790632553482,-18,0,-0.011,0
"2011-1287-1350",1,2.023,-0.389805766767069,-25,0,0.0373,0
"2011-1396-1361",5,4.5448,-0.433635634952163,58,0,0.00799999999999999,0
"2011-1400-1112",-1,-8.14879999999999,0.468693244582773,42,1,0.0073,0
"2011-1276-1181",7,5.14290000000001,-0.618783009388875,-9,-1,-0.0268,0
"2011-1323-1199",-8,8.88090000000001,0.458343226758112,-24,1,-0.0521,0
"2011-1181-1112",-4,-7.4984,0.539722934293773,29,1,0.0269,0
"2011-1458-1139",-4,-0.8446,0.473973439033031,74,1,-0.0279,0
"2011-1361-1163",-1,-5.285,0.226371210327392,-16,-1,-9.9999999999989e-05,0
"2011-1140-1196",1,0.363200000000006,0.1456969926041,-91,-1,0.0219,0
"2011-1266-1314",9,7.6431,-0.214477989919103,-6,0,0.0193,0
"2011-1199-1433",-1,-12.4633,0.301235985750993,43,0,-0.0018,0
"2011-1112-1163",2,4.2662,-0.237788886266407,6,-1,-0.0184,0
"2011-1314-1246",-2,-2.9161,-0.176736861415066,17,0,0.0019,0
"2011-1242-1433",-10,-8.4421,0.742517795563967,14,1,-0.0131,0
"2011-1246-1163",1,-0.570400000000006,0.154864104747586,32,0,-0.0116,0
"2012-1378-1143",0,-5.4025,-0.180173557462971,37,0,0.0228,1
"2012-1436-1249",0,-1.40700000000001,-0.149546787771338,-17,0,-0.0173,1
"2012-1231-1308",-9,0.951300000000003,0.475110668328115,38,1,0.0019,1
"2012-1243-1379",-1,-7.4075,0.391660303246885,-21,0,-0.000600000000000003,1
"2012-1266-1140",-11,-1.2351,0.394989891169021,6,0,0.00850000000000001,1
"2012-1435-1217",-7,0.808900000000008,0.281746214459893,28,0,-0.00509999999999999,1
"2012-1199-1382",-11,-7.1677,0.319445335307266,10,0,0.0222,1
"2012-1207-1125",-11,-8.7148,0.221302546493867,50,1,-0.0106,1
"2012-1242-1178",-13,-11.6663,0.777659140791968,36,1,-0.0016,1
"2012-1250-1181",13,1.8062,-0.468355475126969,32,0,0.0227,1
"2012-1314-1436",-15,-5.94019999999999,0.809906170083353,41,0,-0.00270000000000001,1
"2012-1325-1276",9,-0.818600000000004,-0.3281001471869,-16,0,0.0619,1
"2012-1345-1388",3,0.307999999999993,0.088469583297523,-73,0,-0.00310000000000001,1
"2012-1462-1323",3,0.50800000000001,-0.128810029039547,60,1,0.0049,1
"2012-1257-1307",-1,-4.57889999999999,-0.0450245743708324,0,1,0.0279,1
"2012-1458-1435",-1,-4.11490000000001,0.0656044579583808,13,0,-0.00460000000000001,1
"2012-1196-1313",-8,-1.00190000000001,0.802935386485549,56,1,0.0047,1
"2012-1277-1387",-8,-4.21300000000001,0.435839986622747,36,0,0.0011,1
"2012-1314-1166",-7,-10.9728,0.512587436436846,20,-1,0.0221,1
"2012-1196-1266",4,7.5607,-0.0172940207257101,30,1,-0.0268,1
"2012-1257-1277",3,-0.207299999999989,-0.498005873484073,1,1,0.0202,1
"2012-1124-1462",-7,-0.758700000000005,0.473306667751437,-58,0,0.0236,1
"2012-1246-1231",-3,-7.8792,0.483762379006415,10,0,-0.00570000000000001,1
"2012-1314-1325",-12,-2.955,0.650628530391998,39,-1,-0.0474,1
"2012-1257-1196",-3,-13.5669,-0.00341172035957132,2,0,0.0339,1
"2012-1326-1393",1,-0.645099999999999,0.170769222896724,20,-1,-0.0316,1
"2012-1246-1124",-2,-5.3523,0.478940716676026,90,0,-0.0208,1
"2012-1242-1326",0,-0.368800000000007,-0.103992658188079,-3,1,0.000299999999999995,1
"2012-1246-1242",-1,-0.228499999999997,0.258953240911269,20,0,-0.0171,1
"2012-1233-1140",0,9.42440000000001,0.011162550193377,35,0,-0.0131,0
"2012-1290-1443",0,3.79859999999999,-0.201607800307239,22,0,0.044,0
"2012-1355-1124",11,6.3702,-0.497513499835329,74,-1,-0.0143,0
"2012-1424-1160",-5,-1.97829999999999,0.361860993708382,3,-1,0.0294,0
"2012-1452-1211",3,3.0223,-0.186238262579838,-3,0,-0.0059,0
"2012-1163-1235",1,1.0043,-0.117329158447713,-27,0,0.0048,0
"2012-1443-1246",15,10.4629,-0.945450424882608,11,-1,-0.0102,0
"2012-1172-1257",9,13.6506,-0.423132532085114,-17,-1,-0.0517,0
"2012-1161-1293",5,8.80420000000001,-0.317118926068123,-11,0,-0.0373,0
"2012-1253-1307",7,3.31840000000001,-0.1805679078714,1,0,-0.0019,0
"2012-1259-1326",13,8.7255,-0.853639020031416,-83,0,0.0104,0
"2012-1421-1393",15,12.6342,-0.793760314792293,-25,-1,-0.0266,0
"2012-1455-1433",-7,0.717799999999997,0.427324980429287,-4,0,-0.0711,0
"2012-1285-1458",9,4.7602,-0.61744833638554,-17,0,0.0224,0
"2012-1400-1153",5,2.97490000000001,0.016117810004578,-14,0,-0.0231,0
"2012-1104-1166",1,-13.2825,0.0503354973157755,-42,-1,0.0427,0
"2012-1438-1196",3,-11.354,-0.0893326926350357,10,-1,0.0097,0
"2012-1254-1277",15,19.8128,-0.905105932933188,-19,0,-0.0288,0
"2012-1361-1301",-5,-4.1375,0.014279622975324,-38,0,-0.0198,0
"2012-1281-1313",-13,-3.0528,0.8949097848604,20,1,0.0311,0
"2012-1396-1378",-7,8.4636,0.182968816188887,1,0,0.0109,0
"2012-1272-1387",-1,0.794299999999993,0.151461567234636,36,1,0.00860000000000001,0
"2012-1160-1124",8,0.342299999999994,-0.602006399298615,72,0,-0.0232,0
"2012-1433-1231",8,-3.8069,-0.374361837225577,1,-1,0.0638,0
"2012-1235-1246",7,5.4901,-0.646537620529739,-15,-1,-0.00539999999999999,0
"2012-1293-1266",3,1.0839,-0.172220359219845,38,0,-0.0028,0
"2012-1211-1326",5,4.16759999999999,-0.531123189003702,-68,1,-0.00650000000000001,0
"2012-1243-1393",7,1.3467,-0.326750256308247,8,-1,-0.0501,0
"2012-1199-1153",-3,-3.04179999999999,0.138396977872835,10,0,-0.0132,0
"2012-1345-1242",8,10.2401,-0.505584059077102,-44,-1,-0.0082,0
"2012-1207-1301",-8,-7.79299999999999,0.380614404030225,3,1,-0.0048,0
"2012-1378-1325",-1,-5.0253,0.032967705590785,33,-1,-0.0474,0
"2012-1250-1462",5,2.7966,-0.0848212178162209,30,0,0.0244,0
"2012-1153-1326",4,3.48949999999999,-0.576078338124723,-14,0,0.0162,0
"2012-1458-1393",3,-0.803600000000003,-0.148994991210702,22,-1,-0.0542,0
"2012-1301-1242",9,8.5056,-0.619540283256532,24,-1,-0.0091,0
"2012-1314-1242",-1,1.92620000000001,-0.0133961457653584,26,-1,-0.0147,0
"2012-1257-1246",3,-2.76909999999999,-0.58049085226182,0,0,0.0388,0
"2013-1241-1254",0,-11.7378,-0.027783381768611,12,0,0.0202,1
"2013-1143-1424",7,4.5964,-0.252918683343684,1,0,-0.0148,1
"2013-1217-1307",11,10.7334,-0.665051585775661,-7,-1,0.015,1
"2013-1272-1388",-5,-5.71300000000001,0.0220302658600082,-49,1,0.0362,1
"2013-1433-1103",-7,1.9812,0.211874996018063,-23,0,0.0663,1
"2013-1455-1338",1,1.93459999999999,-0.422794577834641,33,0,0.00609999999999999,1
"2013-1166-1153",-3,7.3805,0.24007242860382,22,0,-0.0333,1
"2013-1181-1107",-13,-4.6079,0.828871534854211,31,1,0.0073,1
"2013-1195-1207",13,14.1579,-0.799275242661602,29,0,0.00710000000000001,1
"2013-1228-1160",-3,2.8837,0.0106644768849266,55,-1,-0.0013,1
"2013-1279-1458",7,9.7332,-0.30948272257787,9,-1,0.024,1
"2013-1326-1233",-13,-16.1444,0.718372250045235,-75,0,0.0137,1
"2013-1361-1328",-3,-7.88639999999999,0.215731362549212,47,0,0.00360000000000001,1
"2013-1396-1301",1,0.990099999999998,-0.253550184696589,-3,0,0.0219,1
"2013-1112-1217",-8,-5.52849999999999,0.5577670462909,27,1,-0.0118,1
"2013-1257-1161",-7,-14.723,0.602908275752928,5,1,0.091,1
"2013-1266-1139",-3,-0.00969999999999516,0.227827748645353,98,0,0.0147,1
"2013-1277-1272",-3,-1.2957,0.259219293065283,64,-1,-0.00260000000000002,1
"2013-1455-1211",8,0.965899999999991,-0.555099171674438,12,-1,-0.0063,1
"2013-1181-1166",-5,-3.52289999999999,0.240156825820698,1,0,0.0201,1
"2013-1195-1361",8,10.596,-0.661838934450205,8,0,0.026,1
"2013-1231-1396",-8,-4.8236,0.663486526758997,99,1,-0.0109,1
"2013-1247-1279",1,0.559300000000007,-0.162311468017428,-57,0,-0.000199999999999992,1
"2013-1393-1231",3,-1.0544,-0.292209853361734,-45,0,0.032,1
"2013-1181-1277",-1,4.0262,0.0863252369561481,-4,1,-0.0304,1
"2013-1196-1195",-12,-12.3172,0.883304710016862,19,0,-0.0116,1
"2013-1276-1242",3,8.10890000000001,-0.118802391357122,50,0,-0.0067,1
"2013-1393-1266",1,-1.2281,0.115809611085048,6,1,0.0345,1
"2013-1455-1326",7,3.6327,-0.433757818655622,87,0,0.0102,1
"2013-1257-1181",-1,-9.907,0.371798483011891,12,0,0.0649,1
"2013-1257-1455",-8,-9.09209999999999,0.690976433221345,11,1,0.0451,1
"2013-1257-1276",-3,-12.6656,0.475358963675223,-19,0,0.064,1
"2013-1251-1299",0,13.6899,-0.181120081254125,13,0,-0.0253,0
"2013-1292-1388",0,-5.7568,-0.128922841465501,6,0,0.0148,0
"2013-1129-1247",0,0.788699999999992,0.13274947181075,100,0,-0.0176,0
"2013-1125-1112",5,1.059,-0.220946387084679,34,-1,0.0385,0
"2013-1137-1139",5,-1.68769999999999,-0.0272740604941473,-12,0,-0.0338,0
"2013-1281-1161",1,-3.35780000000001,-0.0238903581786618,48,0,0.0297,0
"2013-1380-1211",15,4.95519999999999,-0.903462159273044,-2,-1,-0.0142,0
"2013-1299-1257",15,11.4284,-0.958847534426442,31,-1,-0.0577,0
"2013-1172-1266",11,6.38509999999999,-0.411824233025908,-11,0,-0.0165,0
"2013-1355-1276",9,7.6336,-0.653785501206118,-94,-1,-0.0175,0
"2013-1434-1277",11,9.06870000000001,-0.534441879561301,27,0,-0.0244,0
"2013-1329-1332",-7,0.0549000000000035,0.250779001622712,-82,0,-0.0117,0
"2013-1308-1387",9,6.96429999999999,-0.54209466840596,-17,0,-0.0316,0
"2013-1285-1393",9,7.6674,-0.735266760514216,-9,-1,-0.0492,0
"2013-1322-1196",11,15.9605,-0.884824200422285,-2,0,0.0101,0
"2013-1241-1231",15,4.5936,-0.902973279087654,-40,-1,0.0118,0
"2013-1323-1235",-3,-3.422,0.0653239487278203,-60,0,-0.0113,0
"2013-1443-1242",15,13.5899,-0.877246797563132,37,-1,-0.0101,0
"2013-1243-1247",-9,-1.75200000000001,0.322842299614068,50,0,-0.0053,0
"2013-1334-1274",13,8.6437,-0.694909008883914,14,0,-0.011,0
"2013-1417-1278",-5,0.215599999999995,-0.126915713559068,-86,0,-0.0025,0
"2013-1437-1314",1,-4.01740000000001,-0.166422913737027,-80,-1,-0.0038,0
"2013-1433-1276",1,-1.6079,-0.227562346099225,-33,-1,0.0744,0
"2013-1387-1332",-8,-2.2988,0.326055368645877,2,0,-0.00410000000000001,0
"2013-1143-1393",8,0.791600000000003,-0.461670351255696,-18,-1,-0.05,0
"2013-1278-1196",8,8.0291,-0.588730744370419,34,1,0.0033,0
"2013-1314-1242",7,7.0164,-0.370866636135003,46,0,0.0126,0
"2013-1228-1274",5,3.063,-0.365968753392417,55,0,0.0068,0
"2013-1235-1326",8,10.7621,-0.428759934696088,105,0,-0.0143,0
"2013-1274-1266",-1,-2.7516,0.118472347990591,-25,0,-0.0062,0
"2013-1112-1326",4,5.19980000000001,-0.310106165397239,84,1,-0.0043,0
"2013-1247-1455",4,3.62400000000001,-0.181843477768403,-69,0,0.00130000000000001,0
"2013-1332-1257",11,6.4579,-0.727564770019813,24,-1,-0.038,0
"2013-1196-1276",-1,-9.3099,0.362630132737999,-20,-1,0.0185,0
"2013-1393-1276",0,-3.3425,-0.048316387605053,-2,0,0.0419,0
"2014-1107-1291",0,-7.30869999999999,0.0383166236158832,27,0,-0.0147,1
"2014-1301-1462",0,3.82550000000001,-0.175632081875703,-15,-1,-0.0141,1
"2014-1163-1386",-3,-5.255,0.265698065611725,32,0,0.0396,1
"2014-1196-1107",-15,-13.3753,0.910659219407377,-40,0,0.0268,1
"2014-1277-1174",-9,-9.1143,0.685552148777544,7,0,0.0188,1
"2014-1332-1140",-3,-0.679900000000004,0.205374573101112,57,-1,0.0142,1
"2014-1361-1308",-9,-11.7463,0.451473928764132,47,0,0.0447,1
"2014-1400-1113",-3,0.338099999999997,0.0410300410240817,10,0,0.01,1
"2014-1458-1110",-13,1.38159999999999,0.644193251482757,22,1,-0.0231,1
"2014-1112-1451",-15,-19.5337,0.915387066165689,46,1,0.0303,1
"2014-1166-1418",-11,-3.1083,0.737541351345264,32,1,-0.0342,1
"2014-1211-1329",-1,-2.2948,0.0114019637674219,42,1,-0.0098,1
"2014-1235-1300",-11,-1.22110000000001,0.467828875106264,-50,0,-0.034,1
"2014-1273-1181",11,0.166200000000003,-0.689038003263302,35,-1,-0.0181,1
"2014-1390-1307",3,2.20150000000001,-0.142427946610024,-48,-1,0.0064,1
"2014-1397-1269",5,-2.7277,0.405889887278707,59,1,-0.0135,1
"2014-1417-1409",-9,1.49929999999999,0.467386756269836,-7,1,0.0321,1
"2014-1438-1157",-15,-13.0323,0.934216907598216,12,1,-0.00349999999999999,1
"2014-1455-1142",-15,-11.6288,0.892846547713619,-39,0,0.0139,1
"2014-1276-1400",-5,5.2959,0.315179585649704,14,1,0.000100000000000003,1
"2014-1124-1166",3,-0.526600000000002,-0.296522274608098,28,0,0.0173,1
"2014-1397-1273",-3,-7.5376,0.637597284468274,11,1,-0.0069,1
"2014-1438-1272",-7,-8.3246,0.599914088622462,2,0,-0.0355,1
"2014-1173-1390",1,2.7037,-0.108499012450518,-67,0,0.0131,1
"2014-1196-1417",-3,-7.5103,0.388285747450962,29,-1,-0.019,1
"2014-1246-1257",4,5.7076,-0.439064206141514,24,0,-0.0739,1
"2014-1196-1173",-10,-11.403,0.666477833030229,53,0,0.0206,1
"2014-1458-1112",1,11.7772,-0.394620227071087,17,0,-0.0146,1
"2014-1246-1276",6,-5.3197,-0.0458422904632924,6,0,-0.0111,1
"2014-1411-1142",0,7.816,-0.249286052858543,-1,0,-0.0243,0
"2014-1234-1397",0,8.4729,-0.168216977491424,-2,-1,0.0188,0
"2014-1326-1173",-5,-11.5127,0.350935821878592,78,0,0.0262,0
"2014-1153-1217",-7,-4.8352,0.120317793150183,58,1,0.0137,0
"2014-1264-1257",9,6.0582,-0.742897585953792,-57,-1,-0.0298,0
"2014-1459-1276",13,1.14530000000001,-0.823378833476149,-24,-1,0.0134,0
"2014-1328-1295",-7,-2.922,0.267968840511243,-6,0,0.000899999999999998,0
"2014-1160-1338",-1,-0.214400000000012,-0.434775532955102,12,1,-0.0236,0
"2014-1301-1387",7,12.1778,-0.243879732938374,12,0,-0.0358,0
"2014-1444-1393",11,8.119,-0.673637149837321,-83,-1,-0.0466,0
"2014-1454-1437",13,11.1845,-0.845522889877561,21,0,-0.019,0
"2014-1304-1124",5,-5.99249999999999,-0.17627500290864,-16,-1,0.028,0
"2014-1184-1242",13,11.4457,-0.763858575427669,-65,-1,0.0349,0
"2014-1243-1246",1,-0.783299999999997,-0.301610032367431,-41,-1,0.0227,0
"2014-1203-1272",1,-0.932600000000008,-0.000808927379511826,-62,-1,-0.017,0
"2014-1344-1314",5,6.142,-0.193455429031083,-47,-1,-0.0213,0
"2014-1433-1372",-7,-11.3953,0.458442593813457,-22,0,0.0526,0
"2014-1437-1163",-5,0.843400000000003,0.266477725525613,-31,0,-0.0058,0
"2014-1393-1173",-8,-7.2098,0.393134815700552,135,1,0.0398,0
"2014-1338-1196",8,6.46090000000001,-0.406690880366393,38,0,-0.000699999999999992,0
"2014-1387-1257",1,0.628799999999998,-0.604600992282465,29,-1,-0.0361,0
"2014-1217-1277",8,-0.2577,-0.282198247210973,-50,0,0.0079,0
"2014-1295-1361",8,12.2491,-0.364887889610308,19,0,-0.0205,0
"2014-1332-1458",5,1.883,-0.218600994528842,-13,-1,0.0324,0
"2014-1211-1112",7,6.8185,-0.476038435772905,24,0,0.0073,0
"2014-1314-1235",3,-3.32729999999999,-0.0498352398525798,10,1,0.0223,0
"2014-1455-1246",-7,-3.6131,0.343267470508547,-7,-1,0.0335,0
"2014-1242-1390",-8,-1.7946,0.388535271400829,25,1,0.00600000000000001,0
"2014-1372-1417",8,3.2568,-0.421492013950243,67,-1,-0.0265,0
"2014-1361-1112",3,4.0261,-0.482173400492939,20,-1,0.0228,0
"2014-1124-1458",4,3.345,-0.230399543751093,10,0,0.0023,0
"2014-1235-1163",-4,4.9348,0.0312017703325368,-6,0,-0.0251,0
"2014-1397-1276",9,-7.5616,0.0178281107212284,12,0,-0.000800000000000009,0
"2014-1438-1277",-3,-7.0538,0.265897950840552,28,1,-0.0164,0
"2014-1277-1163",-3,3.63039999999999,0.172874672182856,-34,0,-0.0043,0
"2014-1196-1163",-6,-2.88720000000001,0.463736559084821,-40,0,0.00509999999999999,0
"2014-1458-1246",-6,2.3745,0.0812895982644784,20,0,0.00480000000000001,0
"2014-1246-1163",1,3.4216,0.0719620056361209,-21,1,-0.0356,0
"2015-1352-1316",0,-0.493200000000002,-0.227201397366202,6,0,0.0369,1
"2015-1112-1411",-13,-18.5189,0.954049201061897,-4,1,0.0137,1
"2015-1139-1400",-5,-1.64790000000001,-0.0436844874162293,-20,-1,0.0386,1
"2015-1153-1345",-1,-3.7713,0.131531489365829,63,-1,0.026,1
"2015-1207-1186",-9,-13.975,0.671285494439825,-45,1,0.0261,1
"2015-1209-1124",11,4.70899999999999,-0.545220092906615,38,-1,0.0096,1
"2015-1246-1214",-15,-16.5302,0.98042864493521,5,1,0.00549999999999999,1
"2015-1314-1217",-9,0.492000000000004,0.585953431961407,17,1,-0.0121,1
"2015-1323-1318",-11,-2.72879999999999,0.750874538889649,26,1,0.023,1
"2015-1437-1248",-15,-20.9049,0.934972529859803,39,1,0.0348,1
"2015-1462-1279",-5,-4.0317,0.180618503504132,-12,0,-0.0077,1
"2015-1173-1344",5,-0.804000000000002,-0.138994056288003,56,-1,-0.0011,1
"2015-1181-1352",-15,-6.21300000000001,0.894804078724366,-18,1,-0.02,1
"2015-1234-1172",-3,-8.1645,0.105232422082145,15,0,0.0211,1
"2015-1242-1308",-13,-7.4674,0.67267097265274,12,1,-0.002,1
"2015-1268-1434",-9,0.289000000000001,0.235434754934364,43,1,-0.0145,1
"2015-1277-1208",-3,2.1527,0.234435592345817,21,0,-0.0029,1
"2015-1320-1461",-7,-3.7325,0.697890145398704,54,0,0.0092,1
"2015-1328-1107",-11,-12.8384,0.781869601658289,42,1,0.0086,1
"2015-1332-1329",-1,4.39320000000001,-0.0537365654378661,25,0,-0.0383,1
"2015-1452-1138",-7,-3.1005,0.25576147834254,37,-1,0.0463,1
"2015-1112-1326",-8,-8.36240000000001,0.637219274366875,43,1,-0.0103,1
"2015-1417-1412",-3,-2.87769999999999,0.471746891268634,-16,0,0.00269999999999999,1
"2015-1428-1207",1,-3.13589999999999,0.325171067983693,78,0,-0.025,1
"2015-1462-1209",-8,-3.12509999999999,0.350273642592103,-13,0,-0.0463,1
"2015-1257-1320",-1,-3.8845,-0.167844652012222,24,1,0.0218,1
"2015-1277-1438",5,10.7004,-0.524935128053654,21,-1,-0.0129,1
"2015-1328-1173",-8,-5.77340000000001,0.443757092501123,15,1,-0.0073,1
"2015-1458-1332",-7,-6.36330000000001,0.727927712132452,5,1,-0.00600000000000001,1
"2015-1181-1428",-4,5.56219999999999,0.0965446541412534,-16,0,0.0148,1
"2015-1277-1328",4,7.164,-0.196114390656854,10,-1,-0.0186,1
"2015-1181-1211",-1,2.7,-0.0405669143769987,-10,0,0.0141,1
"2015-1458-1246",0,8.44499999999999,-0.296646346118062,5,0,-0.0257,1
"2015-1264-1214",0,-2.87389999999999,0.443141174378499,-7,0,0.0213,0
"2015-1140-1279",0,0.943999999999988,0.134859099706191,25,0,0.0025,0
"2015-1129-1173",0,1.82549999999999,0.0109155413943234,11,0,-0.0141,0
"2015-1459-1116",7,-0.218000000000004,-0.461768763797061,99,0,-0.00660000000000001,0
"2015-1261-1301",1,-3.53710000000001,-0.0336634763274971,-24,1,0.0418,0
"2015-1433-1326",-3,-1.14510000000001,-0.112224384408427,14,0,0.0247,0
"2015-1235-1412",-11,-2.52509999999999,0.729086984773,-34,0,-0.0069,0
"2015-1374-1417",-5,-2.438,0.249639956952807,35,0,0.00700000000000001,0
"2015-1372-1428",7,8.56179999999999,-0.479588245635481,-76,-1,0.0139,0
"2015-1295-1211",13,6.64340000000001,-0.876519615189723,18,-1,-0.02,0
"2015-1414-1257",9,8.9144,-0.573615030320893,-33,-1,-0.0366,0
"2015-1385-1361",1,7.44000000000001,-0.154576615057562,-39,0,0.00130000000000001,0
"2015-1125-1438",13,21.1248,-0.905125563097487,-26,-1,-0.000600000000000003,0
"2015-1231-1455",3,11.7274,-0.463545438360429,-4,1,-0.0396,0
"2015-1157-1458",15,7.94500000000001,-0.911193646974784,-16,-1,0.0215,0
"2015-1153-1246",7,7.4696,-0.815199008113784,4,-1,0.00760000000000001,0
"2015-1437-1301",-7,-5.95700000000001,0.677149139426336,27,1,0.0578,0
"2015-1116-1314",1,2.65519999999999,-0.267425814596532,-53,-1,0.0145,0
"2015-1139-1323",3,-8.0057,-0.250374446149252,-7,-1,-0.00829999999999999,0
"2015-1361-1181",7,-7.8768,-0.47507081234543,39,-1,0.00219999999999999,0
"2015-1234-1211",5,1.5112,-0.467490851536982,20,-1,0.0086,0
"2015-1268-1452",-1,-0.791600000000003,-0.0933313699054998,15,1,-0.0827,0
"2015-1242-1455",-5,-2.44579999999999,0.0401250196616326,-2,1,-0.0176,0
"2015-1462-1112",4,9.71980000000001,-0.675565558254232,-10,-1,-0.0164,0
"2015-1452-1246",4,9.599,-0.774762596820539,16,-1,0.0554,0
"2015-1455-1323",4,-6.73950000000001,-0.0497929587778743,17,-1,0.00910000000000001,0
"2015-1314-1458",3,0.776100000000014,-0.461913082003761,2,0,0.0193,0
"2015-1417-1211",9,3.95110000000001,-0.60527198054699,-5,-1,0.0073,0
"2015-1301-1257",4,8.84520000000001,-0.24192357860361,6,-1,-0.0625,0
"2015-1323-1246",2,13.8494,-0.629889643922454,6,0,0.0043,0
"2015-1112-1458",1,-7.87739999999999,0.0861693249148434,23,0,0.0311,0
"2015-1257-1277",-3,-6.714,-0.0139544808179309,-5,1,0.0416,0
"2015-1277-1181",6,-0.0594999999999999,-0.364565785251336,42,-1,-0.0251,0
"2015-1458-1181",0,-1.8708,0.232935639068223,27,0,-0.0312,0
"2016-1455-1435",0,-6.18990000000001,0.174713451132409,21,0,0.0471,1
"2016-1276-1409",0,1.3001,0.0216870843639733,14,0,-0.0159,1
"2016-1114-1345",7,1.562,-0.428081800787204,-25,-1,0.0352,1
"2016-1231-1151",-7,-0.679199999999994,0.637581822589771,34,1,-0.0076,1
"2016-1242-1122",-15,-16.8673,0.937359707727989,151,1,-0.000799999999999995,1
"2016-1246-1392",-9,0.567700000000002,0.664894758637194,62,1,-0.0053,1
"2016-1274-1138",-11,-5.37220000000001,0.733430297453235,92,0,-0.001,1
"2016-1428-1201",-11,-2.82389999999999,0.504691617089284,73,0,-0.0373,1
"2016-1438-1214",-15,-12.9234,0.939359578418752,136,1,0.0181,1
"2016-1455-1112",5,-6.64870000000001,0.0419207690425265,-8,-1,0.0403,1
"2016-1463-1124",7,-3.98490000000001,-0.213840338698921,-7,-1,-0.0306,1
"2016-1292-1277",13,4.2012,-0.843924777121322,-55,0,0.0247,1
"2016-1323-1276",-5,2.6437,0.108444265191517,26,1,0.0033,1
"2016-1393-1173",3,2.6063,0.0937889465712988,-33,1,0.0378,1
"2016-1437-1421",-13,-5.26610000000001,0.797250724567682,123,1,-0.0307,1
"2016-1458-1338",-3,-4.52070000000001,0.124216676680328,17,1,0.0159,1
"2016-1181-1463",-8,5.71600000000001,0.233737743516224,36,1,0.0097,1
"2016-1235-1114",-8,4.20230000000001,0.352893404493165,35,0,-0.0129,1
"2016-1242-1163",-8,-1.6919,0.488900378918182,69,1,0.0112,1
"2016-1438-1139",-8,-9.8599,0.616201560899716,75,1,-0.0068,1
"2016-1323-1372",-8,8.01299999999999,-0.0854998229099237,29,1,-0.0357,1
"2016-1393-1292",-5,-2.5886,0.493862163930776,14,1,0.0326,1
"2016-1437-1234",-5,-2.95010000000001,0.312053310529818,53,0,0.0013,1
"2016-1332-1181",-3,-3.3129,0.194848222341992,44,0,0.0163,1
"2016-1393-1211",-1,-1.39189999999999,-0.180736737302373,-10,0,0.0498,1
"2016-1438-1235",-3,-8.3925,0.378639224620455,44,1,0.00449999999999999,1
"2016-1328-1332",1,-4.0916,0.0490618218514054,2,-1,-0.0134,1
"2016-1314-1323",-5,-9.73349999999999,0.56935049771045,56,0,0.0121,1
"2016-1314-1393",-9,-2.4187,0.573884337638499,83,0,-0.0254,1
"2016-1192-1195",0,10.2437,-0.366013715827116,4,0,0.015,0
"2016-1380-1221",0,-0.397000000000006,0.19104370535206,21,0,0.00749999999999999,0
"2016-1403-1139",-1,-1.6938,-0.0109262156826564,24,0,-0.00939999999999999,0
"2016-1160-1163",-1,1.80890000000001,-0.301365079177235,13,0,-0.0123,0
"2016-1423-1181",9,-0.337699999999998,-0.445324655913153,-15,-1,0.0039,0
"2016-1371-1211",-5,-3.7697,0.0276796856119981,37,-1,0.0296,0
"2016-1233-1235",9,0.871899999999997,-0.504291495554002,-39,0,0.0193,0
"2016-1195-1314",15,9.8775,-0.894645088249441,-134,-1,-0.0111,0
"2016-1425-1344",-1,4.2612,-0.0138140020853043,4,0,-0.0081,0
"2016-1143-1218",-9,-2.82770000000001,0.375336815102881,70,1,-0.0483,0
"2016-1396-1234",3,1.5921,-0.52324679472847,-11,-1,-0.0181,0
"2016-1355-1268",7,4.19829999999999,-0.452056881925785,-12,-1,-0.0184,0
"2016-1400-1320",-5,-1.2325,0.362961691789531,44,0,-0.0136,0
"2016-1167-1328",13,2.0628,-0.674931527223825,-92,0,0.0168,0
"2016-1221-1332",15,8.3745,-0.931279904154475,-150,-1,-0.0112,0
"2016-1452-1372",-11,-3.24210000000001,0.40138389323835,66,0,0.0186,0
"2016-1153-1386",1,-6.0381,0.0895031193414097,-13,0,0.0448,0
"2016-1453-1401",11,9.5442,-0.672035464132972,-70,-1,0.0189,0
"2016-1333-1433",-3,3.38940000000001,-0.175012972043864,10,0,-0.018,0
"2016-1451-1462",13,3.8779,-0.728119453225688,-82,-1,-0.0333,0
"2016-1428-1211",-8,-0.281499999999994,-0.0252079999373925,59,-1,0.0043,0
"2016-1246-1231",-1,0.233899999999991,0.143016625012808,32,0,-0.0189,0
"2016-1455-1274",8,-7.194,0.0188407704057872,-39,0,0.0177,0
"2016-1344-1314",8,1.7316,-0.598977526874544,-38,-1,-0.0034,0
"2016-1218-1268",8,0.347999999999999,-0.358886367773067,-50,-1,0.0225,0
"2016-1433-1328",8,1.69619999999999,-0.415095580354478,-33,0,0.0292,0
"2016-1386-1332",7,1.744,-0.402444162846525,-26,-1,-0.0363,0
"2016-1320-1401",8,3.51190000000001,-0.51901169067829,-38,-1,-0.0098,0
"2016-1462-1458",-5,0.876500000000007,0.238965209139991,59,0,0.00940000000000001,0
"2016-1268-1242",4,4.28380000000001,-0.472614751094903,-16,0,-0.0104,0
"2016-1401-1328",1,0.351599999999991,-0.161673467518602,-9,1,0.00470000000000001,0
"2016-1274-1437",1,4.1328,-0.246719531377112,4,-1,-0.00789999999999999,0
"2016-1231-1314",4,4.7342,-0.296515193798597,-22,0,0.00320000000000001,0
"2016-1458-1323",1,-8.3994,0.0900042264353904,6,0,0.0058,0
"2016-1242-1437",-1,-0.9482,0.139596541518978,18,0,-0.00309999999999999,0
"2016-1438-1393",-9,-4.4572,0.619918701093186,88,0,-0.0333,0
"2016-1328-1437",0,0.37700000000001,-0.113861427091725,7,-1,-0.0034,0
"2016-1314-1437",-1,0.993000000000009,0.0472606985410135,8,0,-0.0018,0
